"x","y","land_area","current_protection","CA_restricted_species","species","OTUs","chronogram","phylogram","cladogram"
-367500,247500,0.15,1,1904,1887,1900,1906,1933,1929
-367500,262500,0.67,0.435074626865672,1080,1051,980,867,993,897
-367500,277500,0.82,0,434,44,15,10,14,12
-367500,292500,0.55,0.0318181818181818,186,11,11,7,8,9
-367500,307500,0.09,0.291666666666667,587,293,221,229,196,336
-352500,232500,0.14,1,1909,1917,1931,1923,1922,1880
-352500,247500,0.89,0.746067415730337,1511,1678,1644,1590,1587,1601
-352500,262500,1,0.0175,392,257,131,73,181,104
-352500,277500,1,0.0675,600,149,39,18,58,47
-352500,292500,1,0.0595,944,380,143,79,111,151
-352500,307500,0.94,0.0609042553191489,252,34,13,12,10,18
-352500,322500,0.47,0.0531914893617021,468,128,171,181,29,240
-352500,337500,0.14,0.0267857142857143,874,244,112,36,15,220
-352500,352500,0.25,0.07,796,8,4,2,3,3
-352500,367500,0.01,0,561,5,2,1,2,2
-352500,412500,0.01,1,1913,1940,1902,1941,1937,1941
-352500,427500,0.44,0.194886363636364,1412,47,21,65,41,55
-352500,442500,0.31,0.0846774193548387,1251,88,35,144,103,88
-337500,217500,0.44,0.744886363636364,1687,1643,1565,1522,1527,1554
-337500,232500,0.96,0.304166666666667,850,806,530,448,548,476
-337500,247500,1,0.135,626,476,200,176,256,161
-337500,262500,1,0.68075,1393,1493,1316,1243,1313,1311
-337500,277500,1,0.04125,723,203,64,28,85,59
-337500,292500,1,0.105,528,80,20,9,16,16
-337500,307500,1,0.01025,209,19,5,5,6,4
-337500,322500,1,0.01275,347,23,10,6,5,7
-337500,337500,1,0.0225,636,30,7,4,4,8
-337500,352500,1,0.38,1321,529,249,112,159,373
-337500,367500,0.92,0.64945652173913,1558,1184,793,594,707,981
-337500,382500,0.73,0.556164383561644,1263,710,330,280,328,584
-337500,397500,0.73,0.277054794520548,910,180,46,43,55,111
-337500,412500,0.95,0.542105263157895,838,401,364,472,425,527
-337500,427500,1,0.635,997,582,584,700,629,767
-337500,442500,0.96,0.375,590,117,86,166,146,166
-322500,97500,0.09,0,55,21,25,17,174,38
-322500,112500,0.42,0.0869047619047619,79,41,80,70,244,139
-322500,127500,0.39,0.0769230769230769,111,72,38,22,186,69
-322500,142500,0.73,0.287671232876712,168,112,141,95,355,264
-322500,157500,0.9,0.302777777777778,374,347,468,402,615,610
-322500,172500,0.71,0.112676056338028,35,12,14,11,89,21
-322500,187500,0.65,0.0115384615384615,144,55,29,20,69,24
-322500,202500,0.9,0.1925,766,574,379,265,371,321
-322500,217500,1,0.4685,1228,1317,1082,932,1010,998
-322500,232500,1,0.077,513,395,186,143,201,137
-322500,247500,1,0.04125,470,310,114,107,165,89
-322500,262500,1,0.077,379,183,74,86,133,61
-322500,277500,1,0.1005,322,120,52,41,92,34
-322500,292500,1,0.06,260,94,31,24,46,22
-322500,307500,1,0.059,307,69,18,14,22,13
-322500,322500,1,0,443,59,12,8,11,11
-322500,337500,1,0.17275,700,144,43,21,35,39
-322500,352500,1,0.242,887,270,104,53,79,124
-322500,367500,1,0.199,799,192,77,29,49,96
-322500,382500,1,0.33375,750,218,120,90,126,182
-322500,397500,1,0.67225,961,650,673,760,815,862
-322500,412500,1,0.735,1177,891,903,955,1019,1061
-322500,427500,1,0.7275,1068,748,815,905,900,1016
-322500,442500,0.9,0.733333333333333,1142,822,957,978,1051,1093
-307500,82500,0.13,0,108,163,238,164,398,231
-307500,97500,0.87,0.169540229885057,507,770,634,477,565,460
-307500,112500,1,0.2105,682,610,347,285,407,305
-307500,127500,1,0.02375,573,413,183,131,218,131
-307500,142500,1,0.0775,304,133,53,33,116,44
-307500,157500,1,0.29875,985,849,427,310,476,431
-307500,172500,1,0,460,229,106,60,128,80
-307500,187500,1,0.0815,654,443,241,156,212,176
-307500,202500,1,0.275,577,640,410,296,357,351
-307500,217500,1,0.2365,354,341,331,240,299,283
-307500,232500,1,0.042,222,156,82,63,96,52
-307500,247500,1,0.0225,236,137,58,54,76,29
-307500,262500,1,0.31,283,289,228,244,307,252
-307500,277500,1,0.1945,333,227,172,191,231,148
-307500,292500,1,0.3225,404,241,161,217,284,193
-307500,307500,1,0.48,571,426,320,383,494,409
-307500,322500,1,0.54,820,616,544,521,641,638
-307500,337500,1,0.4775,913,559,461,411,530,518
-307500,352500,1,0.5745,1186,986,786,718,842,848
-307500,367500,1,0.62825,1052,933,857,777,939,944
-307500,382500,1,0.755,1112,1056,1136,1118,1245,1239
-307500,397500,1,0.87,1480,1406,1474,1497,1547,1547
-307500,412500,1,0.9325,1665,1635,1663,1676,1683,1692
-307500,427500,1,0.9225,1609,1570,1600,1628,1651,1657
-307500,442500,0.9,0.694444444444444,1089,687,741,815,955,921
-292500,67500,0.33,0.286363636363636,240,330,608,509,560,545
-292500,82500,0.92,0.218478260869565,338,504,521,344,520,415
-292500,97500,1,0.3925,779,965,730,597,705,657
-292500,112500,1,0.00875,280,301,165,127,193,99
-292500,127500,1,0.07975,316,247,122,99,153,84
-292500,142500,1,0.096,267,169,99,76,119,66
-292500,157500,1,0.01375,552,461,233,148,205,153
-292500,172500,1,0.065,416,320,193,110,176,127
-292500,187500,1,0.0075,290,195,126,68,107,74
-292500,202500,1,0.17575,369,371,256,172,224,199
-292500,217500,1,0.254,497,596,431,320,382,344
-292500,232500,1,0.1495,410,403,236,189,228,180
-292500,247500,1,0.5025,674,855,876,793,862,839
-292500,262500,1,0.6,716,941,1071,1017,1083,1046
-292500,277500,1,0.555,619,786,928,887,969,898
-292500,292500,1,0.5325,757,870,913,857,928,875
-292500,307500,1,0.66,1043,1151,1123,1085,1148,1118
-292500,322500,1,0.675,1104,1104,1065,1049,1124,1103
-292500,337500,1,0.878,1583,1586,1574,1577,1630,1630
-292500,352500,1,0.92975,1712,1702,1706,1705,1723,1721
-292500,367500,1,0.7075,1242,1122,1028,1029,1159,1134
-292500,382500,1,0.76,1398,1459,1400,1379,1435,1444
-292500,397500,1,0.7525,1349,1376,1324,1296,1393,1393
-292500,412500,1,0.775,1300,1254,1270,1305,1381,1378
-292500,427500,1,0.8425,1454,1330,1414,1432,1494,1502
-292500,442500,0.9,0.761111111111111,1213,1034,1090,1142,1227,1211
-277500,52500,0.28,0.395535714285714,289,439,700,621,650,693
-277500,67500,0.99,0.0431818181818182,45,49,110,78,142,78
-277500,82500,1,0.2055,121,175,309,209,313,254
-277500,97500,1,0.21925,153,207,252,201,264,212
-277500,112500,1,0,84,82,68,50,83,31
-277500,127500,1,0.036,255,336,264,202,237,159
-277500,142500,1,0.0305,396,423,329,233,277,207
-277500,157500,1,0.045,196,212,180,124,172,112
-277500,172500,1,0.334,485,561,502,355,466,441
-277500,187500,1,0.11,242,239,152,103,155,115
-277500,202500,1,0.23525,754,910,744,553,604,599
-277500,217500,1,0.14,432,486,296,213,246,229
-277500,232500,1,0.6505,969,1223,1188,1124,1169,1177
-277500,247500,1,0.7125,1022,1279,1371,1332,1350,1360
-277500,262500,1,0.6975,921,1201,1344,1292,1319,1323
-277500,277500,1,0.6375,855,1134,1283,1217,1241,1229
-277500,292500,1,0.6675,1122,1324,1352,1271,1329,1291
-277500,307500,1,0.7575,1419,1615,1521,1476,1506,1514
-277500,322500,1,0.915,1649,1722,1720,1716,1731,1730
-277500,337500,1,0.9775,1802,1809,1817,1822,1816,1817
-277500,352500,1,0.9075,1627,1670,1684,1666,1691,1684
-277500,367500,1,0.7675,1501,1515,1385,1350,1424,1433
-277500,382500,1,0.96,1760,1782,1765,1764,1770,1773
-277500,397500,1,0.9675,1784,1759,1776,1775,1779,1782
-277500,412500,1,0.78,1374,1291,1302,1342,1415,1407
-277500,427500,1,0.69125,1547,1473,1360,1286,1339,1331
-277500,442500,0.8,0.75,1164,1004,1056,1103,1199,1185
-262500,7500,0.3,1,1911,1920,1882,1885,1919,1879
-262500,22500,0.28,0.660714285714286,201,407,844,918,828,1035
-262500,37500,0.68,0.0981617647058824,13,15,33,34,34,26
-262500,52500,0.99,0.171212121212121,159,150,284,221,275,245
-262500,67500,1,0.067,17,27,62,39,82,42
-262500,82500,1,0.154,138,267,373,257,321,281
-262500,97500,1,0.0285,47,68,102,74,98,58
-262500,112500,1,0.225,227,446,477,331,375,362
-262500,127500,1,0.4555,634,893,836,685,761,775
-262500,142500,1,0.1755,171,200,247,197,232,192
-262500,157500,1,0.335,518,670,663,506,569,556
-262500,172500,1,0.599,836,1073,1104,985,1056,1071
-262500,187500,1,0.7625,1359,1549,1543,1482,1511,1531
-262500,202500,1,0.42475,604,720,650,515,588,648
-262500,217500,1,0.8115,1215,1519,1611,1573,1594,1618
-262500,232500,1,0.975,1765,1818,1834,1831,1831,1832
-262500,247500,1,0.7725,1060,1345,1480,1463,1476,1495
-262500,262500,1,0.72,1305,1567,1593,1535,1538,1540
-262500,277500,1,0.63,1195,1384,1337,1251,1291,1256
-262500,292500,1,0.3895,742,830,823,754,831,728
-262500,307500,1,0.695,1266,1434,1424,1369,1405,1370
-262500,322500,1,0.944,1726,1773,1768,1757,1764,1766
-262500,337500,1,0.985,1818,1842,1842,1837,1839,1842
-262500,352500,1,0.775,1337,1480,1435,1401,1457,1461
-262500,367500,1,0.755,1221,1269,1230,1183,1301,1296
-262500,382500,1,0.9825,1840,1830,1825,1811,1824,1827
-262500,397500,1,0.96,1735,1740,1746,1742,1755,1756
-262500,412500,1,0.785,1319,1219,1220,1256,1369,1357
-262500,427500,1,0.705,1428,1360,1244,1223,1281,1282
-262500,442500,0.8,0.75,1286,1131,1145,1164,1261,1245
-247500,-7500,0.12,1,1890,1930,1915,1890,1879,1930
-247500,7500,0.88,0.623011363636364,325,627,861,830,736,1011
-247500,22500,1,0.28825,26,33,57,58,21,87
-247500,37500,1,0.0775,62,85,137,115,95,101
-247500,52500,1,0.005,1075,1370,1144,877,874,837
-247500,67500,1,0.042,298,534,580,394,413,404
-247500,82500,1,0.043,104,143,220,153,189,145
-247500,97500,1,0.055,40,61,124,83,108,73
-247500,112500,1,0.01375,330,550,572,362,367,389
-247500,127500,1,0.0815,383,588,641,403,431,424
-247500,142500,1,0.6025,861,1176,1214,1080,1132,1151
-247500,157500,1,0.745,1152,1447,1528,1450,1467,1499
-247500,172500,1,0.78,1255,1600,1655,1620,1612,1639
-247500,187500,1,0.72,1129,1411,1502,1440,1460,1478
-247500,202500,1,0.66,1091,1367,1408,1338,1359,1374
-247500,217500,1,0.5125,666,884,1004,926,947,985
-247500,232500,1,0.95,1672,1765,1791,1787,1784,1791
-247500,247500,1,0.679,826,1164,1326,1310,1324,1305
-247500,262500,1,0.4365,894,1085,1018,947,986,916
-247500,277500,1,0.3045,639,759,772,691,727,639
-247500,292500,1,0.1755,531,521,494,417,487,357
-247500,307500,1,0.4225,934,922,923,819,907,824
-247500,322500,1,0.87,1464,1542,1557,1550,1622,1609
-247500,337500,1,1,1900,1890,1906,1920,1921,1899
-247500,352500,1,0.9325,1532,1646,1652,1642,1703,1698
-247500,367500,1,0.6725,858,817,832,788,1004,971
-247500,382500,1,0.335,494,285,219,204,319,266
-247500,397500,1,0.0335,625,414,322,286,311,258
-247500,412500,1,0.2845,745,562,524,484,537,493
-247500,427500,1,0.33,908,835,684,644,703,676
-247500,442500,0.8,0.45,942,493,423,507,642,569
-232500,-7500,0.73,0.366438356164384,49,92,339,353,227,449
-232500,7500,1,0.3155,96,190,295,228,171,333
-232500,22500,1,0.1785,128,165,196,138,90,189
-232500,37500,1,0.064,360,492,513,364,340,379
-232500,52500,1,0.13475,667,1029,910,673,672,688
-232500,67500,1,0.1115,23,37,85,69,88,67
-232500,82500,1,0.22425,56,103,259,193,240,221
-232500,97500,1,0.0585,109,217,352,227,251,233
-232500,112500,1,0.014,427,648,593,375,372,397
-232500,127500,1,0.516,351,694,849,698,766,814
-232500,142500,1,0.69,948,1304,1441,1328,1355,1389
-232500,157500,1,0.86,1521,1697,1744,1723,1716,1726
-232500,172500,1,0.745,1458,1657,1677,1609,1619,1611
-232500,187500,1,0.75,1611,1729,1667,1625,1627,1636
-232500,202500,1,0.645,1315,1498,1364,1278,1311,1318
-232500,217500,1,0.349,795,973,908,770,790,771
-232500,232500,1,0.18225,456,513,446,360,363,320
-232500,247500,1,0.037,235,243,159,133,162,108
-232500,262500,1,0.007,297,283,194,151,184,138
-232500,277500,1,0.094,446,457,342,291,333,250
-232500,292500,1,0.3565,694,741,688,610,713,628
-232500,307500,1,0.3795,1003,993,890,744,852,780
-232500,322500,1,0.38,777,702,652,555,679,624
-232500,337500,1,0.5725,652,590,625,617,812,759
-232500,352500,1,0.88,1235,1416,1464,1446,1571,1557
-232500,367500,1,0.3745,394,248,274,252,395,327
-232500,382500,1,0.2635,407,308,336,314,358,306
-232500,397500,1,0.0425,370,265,271,249,274,224
-232500,412500,1,0.3125,596,663,646,591,627,619
-232500,427500,1,0.555,1140,1188,1033,1020,1063,1054
-232500,442500,0.77,0.399350649350649,1249,1046,952,929,1000,955
-217500,-82500,0.23,0.308695652173913,68,106,445,456,309,514
-217500,-67500,0.27,0.194444444444444,7,9,71,101,32,103
-217500,-52500,0.66,0.276515151515151,11,18,118,200,66,195
-217500,-37500,0.7,0.0771428571428572,208,311,1138,1108,1007,1083
-217500,-22500,0.53,0.205188679245283,124,141,1022,1045,932,1115
-217500,-7500,0.55,0.113636363636364,487,860,1218,1067,959,1053
-217500,7500,0.51,0.150980392156863,546,824,852,705,576,765
-217500,22500,0.99,0.193434343434343,390,575,537,462,370,523
-217500,37500,1,0.0715,212,357,372,273,285,272
-217500,52500,1,0.11325,34,58,133,98,120,97
-217500,67500,1,0.0835,20,32,70,57,70,51
-217500,82500,1,0.06725,15,28,91,62,86,62
-217500,97500,1,0.235,89,152,287,212,242,269
-217500,112500,1,0.54375,541,747,804,642,726,858
-217500,127500,1,0.48775,263,469,697,557,631,715
-217500,142500,1,0.384,248,391,504,386,457,486
-217500,157500,1,0.188,310,362,333,259,288,280
-217500,172500,1,0.0375,202,188,173,155,168,136
-217500,187500,1,0.134,341,291,203,190,197,178
-217500,202500,1,0.0745,147,84,55,49,47,49
-217500,217500,1,0.014,115,67,51,35,36,32
-217500,232500,1,0.1395,132,142,132,92,97,122
-217500,247500,1,0,92,113,87,61,72,68
-217500,262500,1,0,105,93,67,31,50,57
-217500,277500,1,0.0705,206,197,123,72,104,106
-217500,292500,1,0.494,710,1064,989,879,978,936
-217500,307500,1,0.4165,599,722,682,558,684,663
-217500,322500,1,0.4825,983,958,863,721,824,818
-217500,337500,1,0.465,550,477,479,427,563,534
-217500,352500,1,0.46,433,278,292,294,432,390
-217500,367500,1,0.39,288,140,147,146,248,198
-217500,382500,1,0.327,331,166,188,183,261,228
-217500,397500,1,0.026,344,223,254,231,252,214
-217500,412500,1,0.045,676,792,705,576,575,550
-217500,427500,1,0.278,534,472,476,454,478,481
-217500,442500,0.7,0.0521428571428571,868,632,550,479,508,467
-202500,-112500,0.05,0.44,771,1250,1210,1160,1108,1157
-202500,-97500,0.68,0.332720588235294,57,89,225,261,149,286
-202500,-82500,1,0.325,22,38,95,104,39,146
-202500,-67500,1,0.234,32,52,158,158,60,201
-202500,-52500,0.88,0.135795454545455,609,992,1245,1082,1022,1065
-202500,-37500,0.07,0,73,181,418,419,206,463
-202500,-22500,0.53,0,699,1116,1531,1417,1326,1408
-202500,-7500,0.8,0.1346875,895,1255,1165,983,887,1027
-202500,7500,0.4,0.034375,589,904,915,797,653,819
-202500,22500,0.98,0.176020408163265,269,448,434,436,314,452
-202500,37500,1,0.03625,454,701,590,433,428,428
-202500,52500,1,0.05875,77,97,111,94,113,86
-202500,67500,1,0.216,94,126,191,175,200,168
-202500,82500,1,0.443,182,325,539,467,525,587
-202500,97500,1,0.5515,477,621,702,624,695,807
-202500,112500,1,0.3515,122,122,184,170,203,259
-202500,127500,1,0.0825,67,76,129,102,112,113
-202500,142500,1,0.035,215,237,222,185,194,183
-202500,157500,1,0,134,99,83,88,87,79
-202500,172500,1,0,346,333,280,237,225,241
-202500,187500,1,0,465,473,354,268,262,300
-202500,202500,1,0.0415,386,355,242,180,173,219
-202500,217500,1,0,185,161,109,80,64,102
-202500,232500,1,0,60,50,40,26,18,43
-202500,247500,1,0,81,101,97,45,45,94
-202500,262500,1,0,272,397,304,188,191,265
-202500,277500,1,0.021,686,1021,798,520,544,645
-202500,292500,1,0.1,1155,1402,1160,827,879,878
-202500,307500,1,0.5085,841,1195,946,861,952,993
-202500,322500,1,0.4525,458,790,612,570,662,681
-202500,337500,1,0.275,385,381,278,260,338,292
-202500,352500,1,0.49875,536,339,369,379,505,470
-202500,367500,1,0.5175,612,424,519,496,597,617
-202500,382500,1,0.1275,570,374,413,365,376,342
-202500,397500,1,0.10125,805,753,728,568,557,582
-202500,412500,1,0.16125,1097,1071,986,853,848,850
-202500,427500,1,0.022,705,433,380,359,362,380
-202500,442500,0.7,0.1375,956,518,442,406,422,443
-187500,-112500,0.66,0.287121212121212,421,689,767,674,586,714
-187500,-97500,1,0.157,152,232,359,305,297,294
-187500,-82500,1,0.24125,75,148,277,242,161,290
-187500,-67500,0.97,0.0747422680412371,1035,1435,1457,1283,1201,1248
-187500,-52500,0.59,0.263135593220339,520,876,1047,965,855,1042
-187500,-37500,0.74,0.0567567567567568,1197,1537,1575,1454,1382,1429
-187500,-22500,1,0.14725,349,551,659,543,433,592
-187500,-7500,1,0.13125,655,950,939,772,686,825
-187500,7500,1,0.07875,318,507,562,483,423,504
-187500,22500,1,0.13425,245,337,335,312,254,310
-187500,37500,1,0.0795,53,54,60,47,53,46
-187500,52500,1,0.1125,72,74,63,66,75,53
-187500,67500,1,0.256,166,159,142,147,177,150
-187500,82500,1,0.068,231,225,149,142,152,132
-187500,97500,1,0.0375,188,136,72,81,80,63
-187500,112500,1,0,178,178,140,122,121,129
-187500,127500,1,0,726,936,981,850,850,924
-187500,142500,1,0.09525,759,914,1015,902,902,1000
-187500,157500,1,0.165,922,1135,1168,1021,1034,1116
-187500,172500,1,0,1270,1418,1345,1153,1147,1203
-187500,187500,1,0,1116,1319,1263,1046,1043,1109
-187500,202500,1,0.036,704,811,818,614,587,738
-187500,217500,1,0.014,829,1058,1003,820,769,871
-187500,232500,1,0.04125,653,865,860,659,618,735
-187500,247500,1,0.12825,496,681,631,426,436,561
-187500,262500,1,0.15025,436,581,499,316,331,464
-187500,277500,1,0.037,401,554,424,215,234,366
-187500,292500,1,0.127,419,631,487,247,308,434
-187500,307500,1,0.3895,340,511,313,333,424,423
-187500,322500,1,0.445,315,572,362,438,516,490
-187500,337500,1,0.47375,423,451,466,398,524,509
-187500,352500,1,0.35,731,525,451,373,462,429
-187500,367500,1,0.435,885,729,760,683,749,743
-187500,382500,1,0.84,1355,1341,1546,1541,1556,1588
-187500,397500,1,0.361,659,576,656,601,621,666
-187500,412500,1,0.172,466,201,197,211,215,234
-187500,427500,1,0.4125,1051,692,620,657,696,744
-187500,442500,0.7,0.147857142857143,1012,353,302,308,323,335
-172500,-187500,0.24,0.0947916666666667,4,6,115,119,105,116
-172500,-172500,0.49,0.279591836734694,19,31,148,130,166,177
-172500,-157500,0.46,0.0451086956521739,25,48,716,681,485,698
-172500,-112500,0.7,0.1225,832,1139,1034,899,813,860
-172500,-97500,1,0.21125,193,297,404,338,318,364
-172500,-82500,1,0.05625,1313,1607,1513,1344,1266,1269
-172500,-67500,1,0.0025,1628,1756,1761,1708,1679,1689
-172500,-52500,1,0.12,790,1158,1120,994,918,974
-172500,-37500,1,0.13825,233,369,465,381,267,420
-172500,-22500,1,0.155,411,645,690,580,517,616
-172500,-7500,1,0.22875,214,386,541,494,453,541
-172500,7500,1,0.18375,110,196,357,388,347,398
-172500,22500,1,0.10325,136,215,267,299,245,274
-172500,37500,1,0.05725,761,1049,962,825,823,795
-172500,52500,1,0.06625,737,979,902,743,739,731
-172500,67500,1,0.0575,582,756,676,564,555,574
-172500,82500,1,0,966,1258,1114,977,964,975
-172500,97500,1,0.028,877,1113,956,895,864,903
-172500,112500,1,0.049,1031,1281,1224,1087,1065,1120
-172500,127500,1,0.1165,843,1039,1102,958,943,1060
-172500,142500,1,0.132,610,725,778,645,611,803
-172500,157500,1,0.0165,792,898,965,799,802,958
-172500,172500,1,0.20025,1184,1298,1293,1092,1092,1228
-172500,187500,1,0.08675,862,995,1074,862,858,1005
-172500,202500,1,0.05025,744,850,897,679,656,798
-172500,217500,1,0.309,366,409,398,290,286,480
-172500,232500,1,0.50725,781,924,912,737,811,972
-172500,247500,1,0.54525,602,760,712,578,640,855
-172500,262500,1,0.3185,306,298,234,137,158,331
-172500,277500,1,0.0435,163,118,32,15,13,27
-172500,292500,1,0.21,287,315,205,89,144,243
-172500,307500,1,0.2385,249,350,151,139,209,202
-172500,322500,1,0.48,363,678,436,460,580,559
-172500,337500,1,0.48125,793,886,718,606,738,713
-172500,352500,1,0.2175,511,262,212,186,258,209
-172500,367500,1,0.48,918,763,698,647,741,723
-172500,382500,1,0.405,717,467,536,512,566,575
-172500,397500,1,0.4575,828,654,677,694,722,718
-172500,412500,1,0.4195,1203,939,905,904,910,946
-172500,427500,1,0.43075,1666,1329,1242,1214,1203,1200
-172500,442500,0.67,0.241791044776119,1554,880,790,748,778,787
-157500,-202500,0.29,0.581896551724138,644,1010,1179,936,1277,1202
-157500,-187500,1,0.84,1281,1584,1618,1493,1667,1651
-157500,-172500,1,0.34375,243,309,376,256,469,455
-157500,-157500,0.99,0.242424242424242,41,75,395,395,282,477
-157500,-142500,0.75,0.02,5,14,554,526,301,562
-157500,-127500,0.77,0.0590909090909091,127,261,894,800,680,796
-157500,-112500,1,0.04875,313,464,459,390,344,339
-157500,-97500,1,0.1825,102,109,145,152,135,135
-157500,-82500,1,0.0675,713,1018,950,808,724,763
-157500,-67500,1,0.153,88,131,175,184,114,165
-157500,-52500,1,0.299,38,64,125,162,106,155
-157500,-37500,1,0.043,197,418,568,590,506,521
-157500,-22500,1,0.27475,69,116,202,236,188,244
-157500,-7500,1,0.14275,97,167,327,345,294,328
-157500,7500,1,0.13075,327,556,771,779,714,748
-157500,22500,1,0.06,615,927,1026,954,935,928
-157500,37500,1,0.03975,523,802,942,872,861,851
-157500,52500,1,0.01125,709,1080,1180,1089,1077,1062
-157500,67500,1,0.0505,1175,1525,1443,1327,1304,1300
-157500,82500,1,0.0295,1042,1386,1327,1215,1192,1234
-157500,97500,1,0.028,992,1247,1191,1076,1052,1142
-157500,112500,1,0.0445,940,1182,1142,993,983,1076
-157500,127500,1,0.0285,672,688,598,447,408,577
-157500,142500,1,0.24675,551,527,456,319,298,517
-157500,157500,1,0.20775,1225,1348,1240,1018,1024,1190
-157500,172500,1,0.07525,945,1075,1085,846,832,1009
-157500,187500,1,0.007,981,1109,1063,790,788,913
-157500,202500,1,0.06625,155,87,44,23,30,35
-157500,217500,1,0.3695,258,242,176,117,164,235
-157500,232500,1,0.528,872,975,794,628,699,829
-157500,247500,1,0.7715,1600,1694,1599,1508,1498,1579
-157500,262500,1,0.1285,514,440,211,116,137,184
-157500,277500,1,0.014,633,428,181,96,123,141
-157500,292500,1,0,378,221,96,38,65,72
-157500,307500,1,0.0375,559,332,156,114,178,134
-157500,322500,1,0.1045,499,323,174,123,214,152
-157500,337500,1,0.2775,618,531,394,302,442,363
-157500,352500,1,0.2925,680,356,305,272,369,311
-157500,367500,1,0.495,1171,1016,963,890,941,933
-157500,382500,1,0.3075,979,637,577,551,590,548
-157500,397500,1,0.5625,1277,1153,1112,1106,1135,1104
-157500,412500,1,0.492,1445,1128,1072,1095,1099,1087
-157500,427500,1,0.277,1516,1023,937,935,949,909
-157500,442500,0.6,0.130416666666667,1746,1501,1386,1289,1272,1176
-142500,-217500,0.46,0.692934782608696,688,1077,1287,1005,1442,1321
-142500,-202500,0.97,0.954896907216495,1700,1787,1796,1765,1806,1797
-142500,-187500,1,0.7225,884,1197,1248,1052,1431,1351
-142500,-172500,1,0.052,85,105,107,75,163,93
-142500,-157500,1,0.0525,296,512,666,502,512,551
-142500,-142500,1,0.015,387,634,756,626,577,636
-142500,-127500,1,0.00375,204,398,478,421,381,384
-142500,-112500,1,0.02375,563,736,576,486,464,433
-142500,-97500,1,0.137,490,800,747,654,623,612
-142500,-82500,1,0.40025,123,174,261,323,287,346
-142500,-67500,1,0.03,12,22,28,40,28,20
-142500,-52500,1,0.01575,16,24,27,42,25,19
-142500,-37500,1,0.045,52,86,116,178,127,117
-142500,-22500,1,0.12,300,482,627,663,562,642
-142500,-7500,1,0.03975,574,911,1153,1143,1059,1097
-142500,7500,1,0.05525,399,617,829,843,751,827
-142500,22500,1,0.0145,664,1002,1231,1149,1126,1135
-142500,37500,1,0.04725,566,841,1097,1026,1016,1039
-142500,52500,1,0.177,839,1170,1335,1259,1249,1285
-142500,67500,1,0.174,1078,1409,1463,1365,1345,1387
-142500,82500,1,0.06325,903,1191,1202,1122,1115,1158
-142500,97500,1,0.04525,1252,1439,1315,1182,1176,1277
-142500,112500,1,0.06325,1345,1550,1358,1174,1143,1274
-142500,127500,1,0.0025,1487,1578,1383,1137,1105,1222
-142500,142500,1,0.014,1143,1203,1049,806,759,978
-142500,157500,1,0.10725,1059,1163,1030,785,776,990
-142500,172500,1,0.0825,444,496,412,251,257,400
-142500,187500,1,0.00875,51,46,26,19,19,23
-142500,202500,1,0.09125,98,78,36,27,40,25
-142500,217500,1,0.0655,141,127,75,48,61,48
-142500,232500,1,0.4395,484,586,527,405,471,537
-142500,247500,1,0.3225,769,667,474,328,366,445
-142500,262500,1,0.2175,914,569,415,283,315,377
-142500,277500,1,0.195,950,628,429,289,329,386
-142500,292500,1,0.4075,1032,696,531,431,514,566
-142500,307500,1,0.312,878,580,371,318,404,401
-142500,322500,1,0.097,748,388,178,135,187,163
-142500,337500,1,0.347,930,606,358,277,383,416
-142500,352500,1,0.1725,1038,684,440,343,421,383
-142500,367500,1,0.615,1537,1597,1452,1392,1385,1395
-142500,382500,1,0.645,1482,1444,1377,1356,1361,1340
-142500,397500,1,0.75,1685,1609,1620,1612,1609,1585
-142500,412500,1,0.643,1596,1562,1471,1489,1482,1442
-142500,427500,1,0.38375,1468,1194,1098,1135,1161,1066
-142500,442500,0.6,0.59125,1826,1798,1778,1753,1747,1739
-127500,-247500,0.13,0.846153846153846,1416,1663,1713,1662,1729,1715
-127500,-232500,0.8,0.740625,743,1287,1379,1178,1483,1439
-127500,-217500,1,0.7825,1111,1453,1479,1354,1559,1527
-127500,-202500,1,0.9325,1632,1760,1773,1741,1786,1777
-127500,-187500,1,0.197,230,367,462,350,534,408
-127500,-172500,1,0.0935,848,1222,1167,957,1068,965
-127500,-157500,1,0.0225,259,432,508,452,461,413
-127500,-142500,1,0.1845,224,334,366,385,385,360
-127500,-127500,1,0.00375,749,1102,1058,940,914,863
-127500,-112500,1,0.08825,533,714,622,546,532,494
-127500,-97500,1,0.72,1124,1382,1333,1386,1371,1419
-127500,-82500,1,0.41,219,313,399,480,473,487
-127500,-67500,1,0.0425,31,42,48,91,67,33
-127500,-52500,1,0.007,10,17,22,37,26,17
-127500,-37500,1,0.026,139,233,316,418,339,334
-127500,-22500,1,0,631,940,1008,1062,962,1032
-127500,-7500,1,0,504,743,880,881,782,905
-127500,7500,1,0.0215,695,882,1042,999,927,1049
-127500,22500,1,0.1095,1008,1238,1393,1274,1237,1320
-127500,37500,1,0.0725,1105,1365,1436,1299,1275,1307
-127500,52500,1,0.01625,1651,1768,1783,1737,1732,1724
-127500,67500,1,0.00625,1762,1822,1826,1781,1763,1771
-127500,82500,1,0.005,1463,1640,1567,1412,1388,1410
-127500,97500,1,0.0445,1407,1618,1498,1322,1298,1368
-127500,112500,1,0.037,1680,1716,1634,1435,1416,1482
-127500,127500,1,0.119,1373,1506,1272,1031,1012,1131
-127500,142500,1,0.035,629,599,391,225,211,382
-127500,157500,1,0,190,146,59,25,27,54
-127500,172500,1,0.073,74,71,47,30,44,41
-127500,187500,1,0.14975,120,119,66,56,77,65
-127500,202500,1,0.284,217,252,209,169,202,206
-127500,217500,1,0.1725,274,189,139,109,130,118
-127500,232500,1,0.465,622,456,388,337,387,461
-127500,247500,1,0.3825,591,404,321,235,295,349
-127500,262500,1,0.61,1113,839,777,708,780,904
-127500,277500,1,0.9375,1755,1682,1596,1692,1670,1661
-127500,292500,1,0.6225,1341,1199,1077,974,1040,1107
-127500,307500,1,0.4425,1123,982,792,637,725,781
-127500,322500,1,0.40575,1049,928,691,533,616,721
-127500,337500,1,0.2765,1074,845,564,441,527,578
-127500,352500,1,0.556,1083,944,839,798,837,912
-127500,367500,1,0.509,1243,1061,955,939,966,969
-127500,382500,1,0.705,1718,1712,1641,1594,1582,1568
-127500,397500,1,0.69,1634,1387,1518,1518,1513,1485
-127500,412500,1,0.8625,1783,1767,1759,1769,1758,1754
-127500,427500,1,0.63375,1606,1649,1613,1651,1642,1581
-127500,442500,0.55,0.176363636363636,1682,1704,1676,1580,1562,1481
-112500,-262500,0.4,0.73125,335,651,1418,1437,1365,1487
-112500,-247500,0.97,0.739690721649485,806,1095,1311,1263,1401,1384
-112500,-232500,1,0.5,576,916,991,923,1049,1002
-112500,-217500,1,0.387,382,665,694,750,841,750
-112500,-202500,1,0.187,148,236,419,404,488,368
-112500,-187500,1,0.0075,1004,1399,1354,1206,1224,1074
-112500,-172500,1,0.234,445,746,808,786,820,719
-112500,-157500,1,0.07,161,222,314,376,361,273
-112500,-142500,1,0,183,322,414,476,454,337
-112500,-127500,1,0,157,205,206,264,230,170
-112500,-112500,1,0.09625,277,282,208,250,221,186
-112500,-97500,1,0.319,395,494,385,425,406,442
-112500,-82500,1,0.2165,58,73,93,168,140,121
-112500,-67500,1,0.01125,24,36,42,87,57,37
-112500,-52500,1,0.0165,173,259,303,361,305,296
-112500,-37500,1,0.06225,684,1030,1087,1126,1038,1068
-112500,-22500,1,0.0225,970,1325,1374,1337,1262,1342
-112500,-7500,1,0.00375,1441,1684,1686,1578,1532,1603
-112500,7500,1,0,1538,1654,1616,1500,1459,1539
-112500,22500,1,0.007,1288,1464,1413,1250,1196,1293
-112500,37500,1,0.09125,1130,1310,1351,1171,1149,1209
-112500,52500,1,0.02,817,1014,978,818,783,883
-112500,67500,1,0.0175,1201,1483,1449,1239,1206,1241
-112500,82500,1,0,1579,1743,1734,1621,1584,1591
-112500,97500,1,0.01125,999,1225,1069,891,825,917
-112500,112500,1,0.04625,545,546,438,287,269,353
-112500,127500,1,0.32325,747,712,583,414,447,609
-112500,142500,1,0.125,210,184,119,59,68,114
-112500,157500,1,0.076,86,110,94,51,73,71
-112500,172500,1,0.19525,129,135,90,64,91,91
-112500,187500,1,0.5145,408,618,609,540,609,685
-112500,202500,1,0.6,712,902,853,811,854,907
-112500,217500,1,0.68,847,990,973,914,981,1038
-112500,232500,1,0.5925,681,646,660,586,664,789
-112500,247500,1,0.27,554,292,239,173,204,263
-112500,262500,1,0.54125,902,735,668,518,602,761
-112500,277500,1,0.975,1822,1812,1809,1798,1798,1809
-112500,292500,1,0.7075,1542,1497,1403,1308,1353,1421
-112500,307500,1,0.7425,1622,1674,1570,1479,1495,1564
-112500,322500,1,0.6115,1328,1422,1177,1072,1137,1213
-112500,337500,1,0.14225,1001,815,602,495,542,557
-112500,352500,1,0.28825,937,484,311,324,341,338
-112500,367500,1,0.2495,900,400,282,341,346,302
-112500,382500,1,0.48,1191,897,872,924,931,900
-112500,397500,1,0.5925,1290,1179,1250,1345,1331,1253
-112500,412500,1,0.6825,1386,1514,1507,1566,1573,1520
-112500,427500,1,0.21375,1232,1232,1227,1265,1239,1114
-112500,442500,0.5,0.056,1325,1412,1427,1402,1374,1225
-97500,-277500,0.41,0.0182926829268293,6,13,65,93,37,60
-97500,-262500,0.96,0.317708333333333,91,124,213,230,342,260
-97500,-247500,1,0.19,119,173,160,322,337,203
-97500,-232500,1,0.196,475,768,724,805,796,671
-97500,-217500,1,0.08,237,376,433,473,482,348
-97500,-202500,1,0.015,650,1063,1194,1107,1122,940
-97500,-187500,1,0,113,266,632,668,675,482
-97500,-172500,1,0.145,207,438,589,720,712,542
-97500,-157500,1,0.039,93,153,279,429,391,256
-97500,-142500,1,0,107,147,192,304,263,173
-97500,-127500,1,0.0975,76,102,127,210,183,140
-97500,-112500,1,0.071,101,139,134,205,170,154
-97500,-97500,1,0.25975,424,613,619,636,598,683
-97500,-82500,1,0.255,409,643,706,763,701,766
-97500,-67500,1,0.022,512,821,924,960,889,890
-97500,-52500,1,0.03975,601,966,1079,1084,1008,1036
-97500,-37500,1,0.031,859,1220,1307,1287,1217,1257
-97500,-22500,1,0.00375,917,1266,1258,1237,1171,1237
-97500,-7500,1,0.0075,1048,1342,1282,1224,1155,1250
-97500,7500,1,0,882,1121,984,916,819,956
-97500,22500,1,0.0375,720,818,727,596,536,674
-97500,37500,1,0.2055,451,520,480,351,322,469
-97500,52500,1,0.07375,295,253,232,167,145,218
-97500,67500,1,0.033,376,454,403,297,271,317
-97500,82500,1,0.04925,585,777,758,572,550,604
-97500,97500,1,0.023,698,960,870,633,601,670
-97500,112500,1,0.04075,324,373,368,232,249,276
-97500,127500,1,0.03425,492,739,601,380,418,426
-97500,142500,1,0.07925,180,230,215,126,175,164
-97500,157500,1,0.295,284,329,324,238,304,307
-97500,172500,1,0.3375,357,421,355,306,348,358
-97500,187500,1,0.39,471,516,484,420,465,478
-97500,202500,1,0.7025,1015,1162,1093,1066,1102,1152
-97500,217500,1,0.7825,1227,1456,1397,1372,1398,1452
-97500,232500,1,0.66,883,1177,1117,1002,1066,1136
-97500,247500,1,0.0975,442,318,260,192,217,237
-97500,262500,1,0.3,649,361,315,243,278,316
-97500,277500,1,0.7,1285,1248,1234,1147,1184,1276
-97500,292500,1,0.6075,1392,1168,1190,1110,1144,1179
-97500,307500,1,0.51,1360,1086,1041,991,1031,1041
-97500,322500,1,0.4705,1219,1112,1007,951,1003,1025
-97500,337500,1,0.2215,1058,888,738,630,668,686
-97500,352500,1,0.13975,962,583,495,489,504,468
-97500,367500,1,0.2605,881,383,323,357,353,367
-97500,382500,1,0.375,1096,593,573,587,600,651
-97500,397500,1,0.75,1492,1533,1585,1617,1596,1605
-97500,412500,1,0.735,1370,1396,1490,1552,1555,1543
-97500,427500,1,0.46125,1132,987,1037,1145,1150,1059
-97500,442500,0.5,0.614,1307,1482,1542,1544,1542,1497
-82500,-307500,0.28,0.5,116,168,547,605,503,684
-82500,-292500,0.26,0.0990384615384615,14,26,235,278,136,251
-82500,-277500,0.98,0.0147959183673469,21,29,45,52,48,30
-82500,-262500,1,0.15525,156,214,182,307,364,185
-82500,-247500,1,0.0325,200,340,251,465,452,279
-82500,-232500,1,0.047,429,719,752,759,729,601
-82500,-217500,1,0,501,885,976,968,960,770
-82500,-202500,1,0,216,508,645,816,807,520
-82500,-187500,1,0.0585,170,396,574,709,706,472
-82500,-172500,1,0,28,60,153,366,325,147
-82500,-157500,1,0.063,48,111,265,443,389,270
-82500,-142500,1,0.056,64,130,217,336,296,227
-82500,-127500,1,0.014,44,77,101,196,154,119
-82500,-112500,1,0.027,481,707,721,711,652,724
-82500,-97500,1,0.20075,588,854,871,885,830,935
-82500,-82500,1,0.39625,498,764,837,911,844,986
-82500,-67500,1,0.03675,620,953,1021,1041,954,1028
-82500,-52500,1,0,932,1356,1430,1384,1321,1358
-82500,-37500,1,0,1500,1710,1657,1559,1514,1555
-82500,-22500,1,0,909,1276,1209,1165,1097,1154
-82500,-7500,1,0.03,337,463,361,378,302,407
-82500,7500,1,0.042,265,304,195,208,148,213
-82500,22500,1,0.03,199,202,168,141,102,158
-82500,37500,1,0.0025,229,274,230,163,129,174
-82500,52500,1,0.04475,37,43,89,71,56,77
-82500,67500,1,0.02,117,209,291,220,216,223
-82500,82500,1,0.07425,244,435,517,372,379,394
-82500,97500,1,0.062,140,155,266,182,207,211
-82500,112500,1,0.07075,270,352,417,255,312,299
-82500,127500,1,0.0445,372,535,558,340,403,399
-82500,142500,1,0.2265,564,690,594,392,483,497
-82500,157500,1,0.383,611,779,639,488,554,613
-82500,172500,1,0.6825,1324,1486,1298,1198,1216,1275
-82500,187500,1,0.585,691,848,841,804,834,889
-82500,202500,1,0.715,763,1020,1051,1022,1076,1125
-82500,217500,1,0.57,467,828,920,796,883,939
-82500,232500,1,0.36,367,378,400,326,393,421
-82500,247500,1,0.2025,532,271,216,199,222,215
-82500,262500,1,0.285,730,441,381,346,356,395
-82500,277500,1,0.39,968,796,803,665,700,734
-82500,292500,1,0.705,1429,1308,1357,1348,1342,1366
-82500,307500,1,0.36,1138,619,674,702,693,673
-82500,322500,1,0.6235,1309,1213,1222,1268,1248,1247
-82500,337500,1,0.581,1302,1261,1199,1201,1208,1196
-82500,352500,1,0.22,952,679,653,603,624,635
-82500,367500,1,0.6675,1474,1339,1321,1232,1260,1347
-82500,382500,1,0.6375,1335,1272,1306,1191,1223,1316
-82500,397500,1,0.75,1573,1588,1630,1588,1616,1641
-82500,412500,1,0.735,1524,1449,1527,1504,1504,1559
-82500,427500,1,0.6825,1437,1322,1440,1451,1455,1462
-82500,442500,0.5,0.72,1642,1688,1708,1699,1693,1674
-67500,-352500,0.01,0,1,1,8,13,7,6
-67500,-337500,0.02,0.375,2,3,24,84,17,36
-67500,-322500,0.06,0,36,39,81,121,43,85
-67500,-307500,0.99,0.0954545454545454,65,62,98,140,84,98
-67500,-292500,1,0.1645,54,83,128,157,138,123
-67500,-277500,1,0.0145,418,601,613,459,553,438
-67500,-262500,1,0,679,952,797,733,743,597
-67500,-247500,1,0.00875,721,1024,906,910,894,732
-67500,-232500,1,0.0525,164,412,345,640,626,403
-67500,-217500,1,0,42,96,105,428,399,128
-67500,-202500,1,0,137,287,422,608,605,330
-67500,-187500,1,0.203,191,351,597,717,750,532
-67500,-172500,1,0.189,71,170,407,599,567,427
-67500,-157500,1,0.455,314,578,922,1034,1020,1008
-67500,-142500,1,0.283,339,603,855,906,871,869
-67500,-127500,1,0.0075,579,894,972,969,922,952
-67500,-112500,1,0.266,714,1044,1092,1112,1073,1150
-67500,-97500,1,0.24275,753,1082,1128,1131,1101,1180
-67500,-82500,1,0.40975,677,991,1001,1069,1029,1170
-67500,-67500,1,0.0075,1167,1495,1487,1418,1357,1422
-67500,-52500,1,0,1069,1426,1406,1376,1292,1348
-67500,-37500,1,0,765,1088,993,988,882,968
-67500,-22500,1,0.00375,350,510,408,423,324,396
-67500,-7500,1,0.0515,46,56,69,105,71,81
-67500,7500,1,0.12475,59,100,146,159,143,144
-67500,22500,1,0.038,78,91,135,113,94,100
-67500,37500,1,0.0315,135,145,162,129,125,125
-67500,52500,1,0.014,63,107,157,120,147,120
-67500,67500,1,0.05775,100,179,248,194,220,190
-67500,82500,1,0.101,525,853,774,535,573,571
-67500,97500,1,0.2995,403,656,742,527,606,649
-67500,112500,1,0.3545,425,577,616,435,539,591
-67500,127500,1,0.4295,786,1040,898,669,773,805
-67500,142500,1,0.322,522,633,569,430,500,530
-67500,157500,1,0.3975,430,498,454,349,400,456
-67500,172500,1,0.6225,833,969,940,864,917,976
-67500,187500,1,0.72375,1057,1053,1044,1054,1089,1160
-67500,202500,1,0.5575,503,557,714,676,731,774
-67500,217500,1,0.6,707,784,883,831,903,948
-67500,232500,1,0.555,606,704,865,783,867,884
-67500,247500,1,0.45,958,771,745,689,756,729
-67500,262500,1,0.3655,991,664,635,609,654,629
-67500,277500,1,0.022,778,303,258,275,265,217
-67500,292500,1,0.4775,1156,857,886,919,912,873
-67500,307500,1,0.37,1066,564,623,751,716,644
-67500,322500,1,0.2815,816,349,402,573,518,440
-67500,337500,1,0.452,927,737,807,893,880,847
-67500,352500,1,0.4715,1272,864,901,865,893,930
-67500,367500,1,0.2885,1420,774,763,661,676,726
-67500,382500,1,0.175,1014,506,533,475,498,544
-67500,397500,1,0.6975,1352,1147,1285,1208,1236,1376
-67500,412500,1,0.71825,1549,1363,1407,1378,1395,1470
-67500,427500,1,0.75,1711,1631,1658,1639,1647,1656
-67500,442500,0.5,0.75,1770,1745,1728,1717,1712,1706
-52500,-382500,0.65,0.392307692307692,82,108,166,374,208,282
-52500,-367500,0.77,0.448051948051948,149,211,501,695,591,709
-52500,-352500,0.79,0.284810126582278,9,10,61,150,52,95
-52500,-337500,0.94,0.0678191489361702,39,51,301,408,233,341
-52500,-322500,0.87,0.0589080459770115,218,324,430,464,326,422
-52500,-307500,1,0.18375,174,186,253,288,268,242
-52500,-292500,1,0.1205,251,263,276,295,310,226
-52500,-277500,1,0,624,846,740,620,638,526
-52500,-262500,1,0,905,1264,1094,1024,1017,872
-52500,-247500,1,0,336,585,471,690,655,444
-52500,-232500,1,0.31925,320,623,560,870,866,687
-52500,-217500,1,0.0655,103,191,243,491,492,236
-52500,-202500,1,0.2095,292,478,615,778,775,565
-52500,-187500,1,0.519,774,1150,1236,1284,1299,1178
-52500,-172500,1,0.406,377,653,873,950,977,893
-52500,-157500,1,0.126,548,947,1213,1189,1172,1091
-52500,-142500,1,0,1027,1455,1589,1513,1486,1492
-52500,-127500,1,0,960,1373,1514,1441,1420,1443
-52500,-112500,1,0,951,1336,1476,1405,1383,1414
-52500,-97500,1,0.09325,661,980,1035,1057,998,1082
-52500,-82500,1,0.112,870,1236,1323,1297,1233,1333
-52500,-67500,1,0,987,1293,1247,1219,1111,1220
-52500,-52500,1,0,646,901,814,834,669,811
-52500,-37500,1,0.02925,275,344,226,317,182,255
-52500,-22500,1,0.035,90,115,79,134,59,92
-52500,-7500,1,0.093,66,164,257,267,223,200
-52500,7500,1,0.015,30,81,187,177,185,133
-52500,22500,1,0.049,43,65,108,100,110,83
-52500,37500,1,0.1345,225,295,317,245,279,249
-52500,52500,1,0.07025,203,279,299,214,273,225
-52500,67500,1,0.1785,291,385,383,282,351,313
-52500,82500,1,0.3375,662,931,845,656,733,739
-52500,97500,1,0.315,353,480,448,315,392,432
-52500,112500,1,0.5475,889,1140,1000,836,921,1006
-52500,127500,1,0.645,972,1286,1155,998,1072,1147
-52500,142500,1,0.405,455,447,497,409,445,498
-52500,157500,1,0.4375,544,411,460,396,415,506
-52500,172500,1,0.4425,581,474,503,446,475,539
-52500,187500,1,0.53625,773,727,769,739,768,802
-52500,202500,1,0.5425,809,861,916,883,915,918
-52500,217500,1,0.7275,1346,1377,1366,1351,1376,1391
-52500,232500,1,0.73625,1495,1545,1486,1458,1469,1474
-52500,247500,1,0.6,1447,1228,1161,1152,1191,1141
-52500,262500,1,0.1755,821,431,396,469,481,392
-52500,277500,1,0.195,852,358,340,422,412,319
-52500,292500,1,0.462,1180,749,719,823,818,756
-52500,307500,1,0.364,875,420,432,650,571,500
-52500,322500,1,0.091,592,157,163,370,280,194
-52500,337500,1,0.4345,715,321,421,643,585,536
-52500,352500,1,0.483,1318,644,732,776,785,799
-52500,367500,1,0.3835,1149,524,581,542,564,664
-52500,382500,1,0.15425,1206,490,542,501,522,553
-52500,397500,1,0.68075,1459,1043,1108,1099,1130,1233
-52500,412500,1,0.72,1503,1204,1235,1247,1285,1388
-52500,427500,1,0.7275,1614,1469,1455,1424,1436,1504
-52500,442500,0.5,0.705,1702,1553,1555,1515,1521,1537
-37500,-442500,0.15,1,1928,1928,1890,1931,1895,1917
-37500,-397500,0.37,0,18,16,17,46,12,15
-37500,-382500,1,0.0075,99,79,50,97,63,40
-37500,-367500,1,0.10725,189,249,245,329,250,257
-37500,-352500,1,0.0575,527,658,526,522,444,466
-37500,-337500,1,0.007,706,773,566,550,477,484
-37500,-322500,1,0.007,130,132,138,165,150,110
-37500,-307500,1,0.4,308,402,491,528,558,549
-37500,-292500,1,0.285,397,501,545,583,613,510
-37500,-277500,1,0,226,299,312,416,409,261
-37500,-262500,1,0,543,831,820,838,800,658
-37500,-247500,1,0,143,255,224,538,509,248
-37500,-232500,1,0.1945,348,563,538,771,737,546
-37500,-217500,1,0.08775,126,275,493,648,608,450
-37500,-202500,1,0.049,462,789,943,979,965,791
-37500,-187500,1,0.175,264,453,655,704,692,618
-37500,-172500,1,0.014,516,873,1146,1100,1088,1019
-37500,-157500,1,0,1134,1534,1671,1596,1580,1570
-37500,-142500,1,0.04075,995,1421,1610,1549,1549,1548
-37500,-127500,1,0,740,1143,1369,1333,1286,1310
-37500,-112500,1,0,776,1129,1288,1270,1226,1252
-37500,-97500,1,0,807,1167,1233,1231,1162,1186
-37500,-82500,1,0.0075,1098,1458,1520,1449,1406,1436
-37500,-67500,1,0.2525,373,537,510,544,405,596
-37500,-52500,1,0.123,239,290,199,292,118,288
-37500,-37500,1,0.0025,118,125,37,118,23,70
-37500,-22500,1,0.133,125,151,155,218,160,172
-37500,-7500,1,0.115,175,405,532,453,450,412
-37500,7500,1,0.2095,194,366,535,442,480,437
-37500,22500,1,0.2195,391,612,679,548,584,543
-37500,37500,1,0.2015,464,732,731,565,612,564
-37500,52500,1,0.2015,440,706,750,575,636,586
-37500,67500,1,0.6975,1236,1572,1458,1388,1418,1430
-37500,82500,1,0.4125,594,798,709,581,678,705
-37500,97500,1,0.315,478,553,488,369,435,465
-37500,112500,1,0.51,641,716,701,598,648,751
-37500,127500,1,0.74625,1145,1259,1257,1190,1230,1336
-37500,142500,1,0.4325,510,365,492,440,451,522
-37500,157500,1,0.56375,670,545,754,715,719,813
-37500,172500,1,0.405,802,614,692,635,633,682
-37500,187500,1,0.3225,643,370,486,523,535,458
-37500,202500,1,0.4045,701,462,596,671,690,611
-37500,217500,1,0.68775,1011,1115,1246,1279,1296,1259
-37500,232500,1,0.705,1663,1620,1515,1498,1501,1491
-37500,247500,1,0.19125,1047,608,617,667,666,558
-37500,262500,1,0.25775,975,410,472,600,593,483
-37500,277500,1,0.644,1110,672,825,1015,1028,979
-37500,292500,1,0.567,1199,724,749,967,957,866
-37500,307500,1,0.427,1020,452,452,741,682,570
-37500,322500,1,0.30025,791,228,294,547,456,387
-37500,337500,1,0.441,904,394,483,677,660,598
-37500,352500,1,0.4405,1173,445,515,611,644,625
-37500,367500,1,0.545,1400,629,710,757,798,835
-37500,382500,1,0.27925,1344,300,349,401,401,418
-37500,397500,1,0.38925,1259,377,384,450,468,474
-37500,412500,1,0.207,1168,343,328,382,390,354
-37500,427500,1,0.16325,989,234,189,263,276,222
-37500,442500,0.49,0.107142857142857,1092,368,306,354,374,298
-22500,-457500,0.05,1,1881,1944,1886,1924,1911,1934
-22500,-442500,0.14,1,1924,1892,1928,1911,1941,1944
-22500,-397500,0.3,0.191666666666667,61,66,84,179,74,107
-22500,-382500,1,0.03,276,176,88,132,109,75
-22500,-367500,1,0.0225,256,284,204,239,219,167
-22500,-352500,1,0.0225,356,442,343,342,332,277
-22500,-337500,1,0.1415,282,204,179,224,213,171
-22500,-322500,1,0.359,453,488,470,505,541,508
-22500,-307500,1,0.67,1025,1241,1225,1267,1289,1284
-22500,-292500,1,0.3025,359,528,528,629,635,568
-22500,-277500,1,0.007,187,316,390,516,496,355
-22500,-262500,1,0.021,176,327,375,595,547,365
-22500,-247500,1,0.007,80,182,288,554,502,291
-22500,-232500,1,0.007,87,160,348,532,497,315
-22500,-217500,1,0.021,450,807,1105,1104,1054,943
-22500,-202500,1,0.04025,1254,1587,1645,1586,1557,1496
-22500,-187500,1,0,1106,1502,1604,1555,1522,1484
-22500,-172500,1,0,1182,1563,1680,1636,1614,1586
-22500,-157500,1,0.014,1061,1437,1602,1542,1539,1561
-22500,-142500,1,0.14,819,1206,1419,1390,1360,1400
-22500,-127500,1,0,491,827,1011,1048,990,1022
-22500,-112500,1,0,980,1378,1506,1466,1430,1449
-22500,-97500,1,0.0075,1159,1516,1550,1488,1451,1457
-22500,-82500,1,0.075,509,755,791,809,715,772
-22500,-67500,1,0.09,162,172,170,234,139,210
-22500,-52500,1,0.02625,27,40,54,77,38,50
-22500,-37500,1,0.196,106,226,338,367,292,350
-22500,-22500,1,0.19975,257,489,587,493,507,488
-22500,-7500,1,0.2325,311,470,614,482,528,502
-22500,7500,1,0.4125,506,808,934,773,846,820
-22500,22500,1,0.365,537,673,723,613,689,659
-22500,37500,1,0.2175,752,907,827,697,746,690
-22500,52500,1,0.515,1021,1311,1147,1025,1104,1069
-22500,67500,1,0.705,1188,1299,1308,1248,1308,1313
-22500,82500,1,0.5325,811,823,806,724,795,843
-22500,97500,1,0.775,1119,1183,1267,1226,1283,1373
-22500,112500,1,0.77,1262,1215,1279,1235,1267,1382
-22500,127500,1,0.7245,1000,948,1106,1078,1096,1201
-22500,142500,1,0.375,741,495,592,537,540,588
-22500,157500,1,0.63375,1086,889,1020,1011,1023,1051
-22500,172500,1,0.7275,1470,1414,1420,1413,1409,1427
-22500,187500,1,0.35725,892,708,868,873,870,784
-22500,202500,1,0.50975,1133,1033,1068,1091,1125,1044
-22500,217500,1,0.665,1375,1349,1362,1364,1390,1329
-22500,232500,1,0.38675,1257,766,784,839,851,764
-22500,247500,1,0.04,915,121,144,270,243,156
-22500,262500,1,0.38675,1279,268,416,616,610,515
-22500,277500,1,0.499,1229,307,490,729,723,632
-22500,292500,1,0.66225,1527,1106,1116,1319,1310,1217
-22500,307500,1,0.273,1128,254,244,560,510,332
-22500,322500,1,0.287,1090,245,268,525,489,361
-22500,337500,1,0.5045,1434,500,637,792,814,736
-22500,352500,1,0.6975,1695,1081,1172,1276,1279,1266
-22500,367500,1,0.8575,1838,1660,1688,1681,1677,1687
-22500,382500,1,0.724,1795,1125,1261,1326,1316,1309
-22500,397500,1,0.5385,1732,700,842,915,923,887
-22500,412500,1,0.546,1671,833,878,971,997,941
-22500,427500,1,0.44325,1486,600,628,746,781,694
-22500,442500,0.44,0.426136363636364,1591,874,896,949,984,861
-7500,-457500,0.39,0.974358974358974,1568,1735,1804,1801,1801,1812
-7500,-442500,0.34,1,1889,1894,1937,1943,1943,1916
-7500,-397500,0.29,0.293103448275862,246,342,289,384,259,372
-7500,-382500,1,0.11825,495,415,210,241,247,197
-7500,-367500,1,0.1125,572,566,353,339,388,304
-7500,-352500,1,0.34,329,312,250,301,354,301
-7500,-337500,1,0.7925,1394,1596,1533,1564,1598,1577
-7500,-322500,1,0.57875,925,1132,1099,1154,1186,1128
-7500,-307500,1,0.2055,271,384,457,530,531,430
-7500,-292500,1,0.1475,365,609,833,840,805,727
-7500,-277500,1,0.007,151,240,447,470,414,381
-7500,-262500,1,0.028,241,485,783,812,744,696
-7500,-247500,1,0.021,253,514,847,898,835,760
-7500,-232500,1,0.021,437,778,1198,1203,1138,1047
-7500,-217500,1,0.084,1147,1487,1626,1605,1569,1530
-7500,-202500,1,0.03325,1508,1726,1736,1677,1660,1637
-7500,-187500,1,0,1433,1672,1721,1689,1668,1650
-7500,-172500,1,0.014,1338,1648,1701,1701,1685,1679
-7500,-157500,1,0.0795,1239,1598,1664,1658,1641,1654
-7500,-142500,1,0.0225,1193,1520,1629,1606,1586,1594
-7500,-127500,1,0,1114,1478,1583,1521,1492,1507
-7500,-112500,1,0,1329,1677,1697,1624,1601,1573
-7500,-97500,1,0.0075,562,878,932,944,869,844
-7500,-82500,1,0.0225,142,213,270,332,253,246
-7500,-67500,1,0,33,63,117,160,134,105
-7500,-52500,1,0.161,83,177,344,300,317,303
-7500,-37500,1,0.489,480,868,1038,927,989,1012
-7500,-22500,1,0.5545,675,1126,1264,1102,1157,1167
-7500,-7500,1,0.57,729,1090,1205,1068,1131,1112
-7500,7500,1,0.6075,988,1257,1226,1133,1178,1172
-7500,22500,1,0.5475,946,1233,1181,1061,1128,1099
-7500,37500,1,0.61375,1073,1108,1080,1044,1113,1089
-7500,52500,1,0.815,1528,1556,1559,1524,1561,1575
-7500,67500,1,0.8575,1455,1512,1582,1584,1600,1626
-7500,82500,1,0.7175,1044,964,1127,1128,1164,1221
-7500,97500,1,0.737,1207,1149,1292,1258,1255,1349
-7500,112500,1,0.25125,722,392,377,334,316,369
-7500,127500,1,0.114,941,598,567,481,459,453
-7500,142500,1,0.26075,926,538,607,563,546,525
-7500,157500,1,0.55375,1297,1009,1130,1121,1106,1073
-7500,172500,1,0.6675,1545,1282,1332,1320,1306,1287
-7500,187500,1,0.4595,1163,745,858,897,934,831
-7500,202500,1,0.38075,1099,652,816,852,896,777
-7500,217500,1,0.437,1222,961,1010,1036,1058,984
-7500,232500,1,0.4015,1411,837,921,987,1005,895
-7500,247500,1,0.357,1592,481,642,782,763,680
-7500,262500,1,0.675,1763,1315,1296,1330,1366,1322
-7500,277500,1,0.67,1646,999,1154,1301,1336,1272
-7500,292500,1,0.6705,1677,1253,1342,1438,1438,1402
-7500,307500,1,0.651,1721,1429,1273,1462,1473,1355
-7500,322500,1,0.58025,1624,967,992,1185,1197,1084
-7500,337500,1,0.5835,1586,809,931,1058,1081,1013
-7500,352500,1,0.4915,1551,548,696,829,840,768
-7500,367500,1,0.42825,1564,458,557,692,687,622
-7500,382500,1,0.246,1509,206,262,393,378,293
-7500,397500,1,0.35,1656,570,551,706,708,603
-7500,412500,1,0.37,1380,276,231,439,446,309
-7500,427500,1,0.3205,1406,536,444,625,637,492
-7500,442500,0.5,0.482,1571,782,819,943,975,841
7500,-457500,0.03,1,1899,1902,1892,1900,1893,1898
7500,-442500,0.24,0.880208333333333,632,1032,1454,1539,1563,1595
7500,-397500,0.57,0.197368421052632,305,224,154,223,122,191
7500,-382500,1,0.2575,345,260,169,203,235,187
7500,-367500,1,0.5625,614,810,713,766,878,845
7500,-352500,1,0.9925,1849,1865,1868,1867,1867,1867
7500,-337500,1,0.392,388,558,703,742,791,707
7500,-322500,1,0.79925,1473,1680,1689,1691,1706,1693
7500,-307500,1,0.4515,808,1189,1359,1347,1337,1267
7500,-292500,1,0.09425,281,468,711,722,673,626
7500,-277500,1,0.007,167,346,683,686,620,605
7500,-262500,1,0,627,1066,1459,1399,1354,1324
7500,-247500,1,0,567,962,1398,1358,1317,1280
7500,-232500,1,0,692,1099,1468,1444,1399,1353
7500,-217500,1,0,1316,1627,1741,1694,1666,1647
7500,-202500,1,0.005,1562,1700,1717,1704,1676,1666
7500,-187500,1,0.188,1661,1778,1769,1754,1740,1732
7500,-172500,1,0,1280,1569,1608,1649,1629,1627
7500,-157500,1,0.0375,1150,1468,1510,1554,1507,1541
7500,-142500,1,0.0075,1366,1630,1648,1629,1610,1599
7500,-127500,1,0.00875,1292,1593,1621,1570,1553,1525
7500,-112500,1,0.0025,530,787,850,855,792,745
7500,-97500,1,0.0165,223,379,450,445,394,371
7500,-82500,1,0.0315,131,264,346,358,343,284
7500,-67500,1,0.0525,95,199,365,335,359,278
7500,-52500,1,0.28875,301,541,686,562,645,621
7500,-37500,1,0.687,893,1357,1446,1316,1372,1405
7500,-22500,1,0.7475,1139,1503,1532,1433,1479,1509
7500,-7500,1,0.6325,800,1067,1139,1038,1119,1130
7500,7500,1,0.835,1476,1624,1603,1599,1605,1621
7500,22500,1,0.785,1368,1431,1469,1473,1488,1512
7500,37500,1,0.8,1426,1491,1497,1509,1524,1534
7500,52500,1,0.9275,1698,1715,1740,1745,1748,1750
7500,67500,1,0.8925,1594,1614,1660,1668,1665,1682
7500,82500,1,0.72125,1178,1059,1201,1205,1219,1270
7500,97500,0.79,0.606962025316456,1246,926,1048,1035,1044,1080
7500,112500,0.04,0,1744,1555,1426,1175,1151,1117
22500,-442500,0.62,0.862903225806452,782,1187,1505,1581,1591,1620
22500,-397500,0.73,0.0565068493150685,665,693,540,511,491,451
22500,-382500,1,0.545,693,734,654,652,784,754
22500,-367500,1,0.96,1751,1816,1830,1826,1826,1824
22500,-352500,1,0.79,1231,1554,1591,1601,1643,1606
22500,-337500,1,0.3775,488,799,1054,1064,1100,987
22500,-322500,1,0.77875,1088,1446,1650,1665,1682,1676
22500,-307500,1,0.42875,412,711,1135,1166,1165,1111
22500,-292500,1,0.077,380,661,1125,1119,1080,1015
22500,-277500,1,0,472,838,1341,1312,1265,1207
22500,-262500,1,0.01575,834,1262,1569,1538,1500,1498
22500,-247500,1,0,798,1230,1536,1516,1474,1476
22500,-232500,1,0,891,1305,1572,1574,1530,1528
22500,-217500,1,0,1224,1552,1705,1680,1655,1658
22500,-202500,1,0.005,1381,1611,1685,1684,1658,1671
22500,-187500,1,0,1713,1749,1729,1743,1724,1717
22500,-172500,1,0,1522,1691,1594,1664,1645,1643
22500,-157500,1,0,1310,1548,1503,1546,1518,1532
22500,-142500,1,0.00375,1774,1814,1805,1790,1774,1761
22500,-127500,1,0.022,1234,1531,1540,1471,1445,1432
22500,-112500,1,0.01975,285,425,437,437,402,385
22500,-97500,1,0.075,250,450,443,397,419,378
22500,-82500,1,0.0175,158,348,297,262,334,253
22500,-67500,1,0.1425,169,319,387,330,426,318
22500,-52500,1,0.6525,637,1006,1170,1113,1209,1194
22500,-37500,1,0.87,1409,1689,1702,1674,1689,1699
22500,-22500,1,1,1907,1911,1933,1929,1928,1888
22500,-7500,1,0.97,1785,1821,1821,1806,1808,1815
22500,7500,1,1,1918,1932,1907,1927,1939,1900
22500,22500,1,0.97,1767,1779,1802,1809,1802,1803
22500,37500,1,0.825,1330,1397,1511,1537,1551,1562
22500,52500,1,0.965,1747,1769,1789,1794,1794,1795
22500,67500,1,0.755,1504,1368,1429,1429,1447,1458
22500,82500,0.87,0.426436781609195,1491,976,949,874,877,870
22500,97500,0.1,0.295,1575,919,900,791,754,755
37500,-442500,0.28,1,1880,1937,1917,1930,1909,1895
37500,-397500,0.71,0.359154929577465,463,526,441,474,529,489
37500,-382500,1,0.7525,1055,1313,1294,1359,1426,1397
37500,-367500,1,0.9725,1806,1841,1849,1843,1843,1839
37500,-352500,1,0.50425,640,978,1156,1123,1170,1096
37500,-337500,1,0.50575,725,1169,1382,1362,1368,1308
37500,-322500,1,0.7315,1046,1474,1631,1660,1674,1669
37500,-307500,1,0.175,555,890,1252,1293,1242,1188
37500,-292500,1,0.06125,405,697,1140,1199,1134,1092
37500,-277500,1,0.0455,814,1216,1545,1553,1510,1488
37500,-262500,1,0.32275,642,1015,1312,1415,1377,1379
37500,-247500,1,0.2715,756,1155,1365,1456,1422,1440
37500,-232500,1,0.08,1170,1528,1635,1672,1653,1660
37500,-217500,1,0,1405,1659,1711,1728,1698,1694
37500,-202500,1,0,1209,1509,1654,1654,1623,1624
37500,-187500,1,0,1590,1720,1692,1721,1705,1701
37500,-172500,1,0,1479,1638,1563,1633,1617,1607
37500,-157500,1,0,1457,1617,1516,1526,1502,1511
37500,-142500,1,0,1550,1651,1529,1503,1472,1471
37500,-127500,1,0,457,659,605,593,552,538
37500,-112500,1,0.1135,150,231,255,284,293,268
37500,-97500,1,0.116,181,281,207,206,260,204
37500,-82500,1,0.345,578,943,888,767,891,826
37500,-67500,1,0.6075,827,1210,1239,1168,1250,1218
37500,-52500,1,0.9225,1589,1728,1726,1730,1739,1745
37500,-37500,1,1,1926,1938,1940,1910,1927,1911
37500,-22500,1,1,1938,1888,1943,1884,1891,1883
37500,-7500,1,1,1895,1879,1910,1932,1914,1901
37500,7500,1,1,1925,1882,1932,1926,1931,1937
37500,22500,1,0.98,1794,1802,1829,1828,1829,1830
37500,37500,1,0.81125,1361,1354,1524,1560,1565,1571
37500,52500,1,0.86875,1654,1642,1681,1685,1686,1691
37500,67500,0.93,0.590860215053763,1619,1226,1197,1180,1187,1138
37500,82500,0.15,0.65,1689,1296,1314,1273,1288,1263
52500,-412500,0.18,0,406,258,198,253,195,205
52500,-397500,0.98,0.482908163265306,542,615,610,639,740,678
52500,-382500,1,0.855,1453,1668,1700,1700,1717,1695
52500,-367500,1,0.8,1376,1644,1665,1653,1671,1659
52500,-352500,1,0.504,785,1087,1204,1158,1198,1132
52500,-337500,1,0.32475,352,597,893,922,919,857
52500,-322500,1,0.21175,794,1249,1423,1439,1413,1375
52500,-307500,1,0.098,526,851,1163,1255,1214,1162
52500,-292500,1,0.04425,657,997,1249,1343,1294,1261
52500,-277500,1,0,864,1200,1445,1481,1439,1418
52500,-262500,1,0.06475,974,1366,1439,1531,1496,1501
52500,-247500,1,0.21125,1093,1451,1472,1619,1597,1580
52500,-232500,1,0.176,1039,1417,1482,1593,1560,1558
52500,-217500,1,0.02475,947,1321,1456,1506,1448,1455
52500,-202500,1,0,1265,1574,1668,1669,1636,1633
52500,-187500,1,0,1354,1604,1624,1645,1603,1615
52500,-172500,1,0,1388,1581,1588,1597,1567,1565
52500,-157500,1,0.0075,1424,1666,1578,1534,1535,1516
52500,-142500,1,0.05375,623,843,737,712,718,699
52500,-127500,1,0,70,104,76,85,99,76
52500,-112500,1,0.16,332,502,334,309,373,329
52500,-97500,1,0.5125,789,1180,1060,973,1070,1048
52500,-82500,1,0.735,1161,1538,1508,1457,1519,1518
52500,-67500,1,0.7275,1037,1404,1391,1374,1429,1417
52500,-52500,1,0.9125,1513,1669,1693,1702,1708,1712
52500,-37500,1,1,1902,1921,1919,1935,1904,1936
52500,-22500,1,1,1888,1915,1920,1897,1924,1913
52500,-7500,1,1,1908,1899,1913,1893,1896,1923
52500,7500,1,0.9925,1848,1844,1855,1859,1860,1860
52500,22500,1,0.85375,1443,1441,1564,1607,1615,1614
52500,37500,1,0.67875,1218,946,1053,1139,1174,1148
52500,52500,0.97,0.664690721649485,1160,1037,1101,1220,1232,1189
52500,67500,0.23,0.482608695652174,1581,1068,970,1047,1053,996
67500,-427500,0.23,0.0434782608695652,1364,1477,1392,1361,1225,1371
67500,-412500,0.84,0.00446428571428571,479,364,281,321,289,262
67500,-397500,1,0.18,375,393,341,368,441,325
67500,-382500,1,0.8075,1176,1490,1566,1587,1637,1582
67500,-367500,1,0.8425,1559,1707,1719,1711,1736,1713
67500,-352500,1,0.83075,1414,1622,1696,1679,1695,1688
67500,-337500,1,0.60225,584,905,1076,1196,1210,1173
67500,-322500,1,0.007,685,1103,1297,1367,1333,1290
67500,-307500,1,0.1215,595,921,1118,1290,1246,1212
67500,-292500,1,0.005,668,983,1185,1325,1276,1242
67500,-277500,1,0.0075,1117,1428,1495,1565,1546,1519
67500,-262500,1,0,1054,1393,1394,1494,1464,1446
67500,-247500,1,0.01625,1006,1374,1330,1464,1428,1398
67500,-232500,1,0.02625,1072,1408,1428,1519,1480,1465
67500,-217500,1,0,1125,1461,1553,1583,1516,1523
67500,-202500,1,0,1217,1558,1673,1640,1593,1584
67500,-187500,1,0.0125,1639,1764,1756,1712,1688,1685
67500,-172500,1,0,1082,1389,1416,1370,1328,1327
67500,-157500,1,0,690,918,811,699,702,704
67500,-142500,1,0,195,250,164,154,199,157
67500,-127500,1,0.36,417,638,549,498,579,614
67500,-112500,1,0.585,928,1275,1187,1094,1181,1164
67500,-97500,1,0.51,849,1028,995,938,1013,989
67500,-82500,1,0.8025,1282,1508,1492,1502,1536,1545
67500,-67500,1,0.8125,1333,1636,1622,1604,1638,1628
67500,-52500,1,0.9125,1630,1744,1735,1736,1742,1741
67500,-37500,1,1,1930,1926,1887,1917,1935,1927
67500,-22500,1,0.9925,1824,1836,1851,1849,1853,1852
67500,-7500,1,0.915,1534,1577,1670,1696,1699,1702
67500,7500,1,0.74075,1237,1074,1216,1313,1320,1303
67500,22500,1,0.4435,899,272,286,434,470,393
67500,37500,0.99,0.631313131313131,1016,695,779,912,972,927
67500,52500,0.33,0.704545454545455,813,899,1175,1295,1346,1289
82500,-442500,0.03,0.583333333333333,933,676,578,632,157,806
82500,-427500,0.94,0.0890957446808511,990,829,765,731,455,808
82500,-412500,1,0.02625,846,913,824,775,730,703
82500,-397500,1,0.357,326,422,453,490,594,471
82500,-382500,1,0.955,1715,1791,1815,1814,1815,1806
82500,-367500,1,0.72,1034,1295,1538,1517,1564,1524
82500,-352500,1,0.7,1127,1385,1512,1480,1515,1493
82500,-337500,1,0.6755,936,1234,1211,1318,1341,1339
82500,-322500,1,0,897,1273,1260,1381,1352,1315
82500,-307500,1,0,1030,1494,1380,1474,1453,1426
82500,-292500,1,0.00375,1607,1738,1747,1758,1749,1744
82500,-277500,1,0.007,772,1050,1151,1281,1235,1195
82500,-262500,1,0,854,1078,1064,1211,1153,1095
82500,-247500,1,0,1018,1344,1305,1407,1363,1304
82500,-232500,1,0,1248,1540,1525,1562,1526,1494
82500,-217500,1,0,1304,1623,1642,1613,1574,1550
82500,-202500,1,0,959,1332,1477,1395,1338,1317
82500,-187500,1,0,724,1054,1111,1008,971,947
82500,-172500,1,0.032,474,668,638,510,521,529
82500,-157500,1,0,303,390,229,149,192,175
82500,-142500,1,0.25375,556,797,670,513,596,594
82500,-127500,1,0.77375,1298,1613,1587,1530,1578,1597
82500,-112500,1,0.7425,1100,1391,1432,1397,1440,1464
82500,-97500,1,0.855,1267,1466,1539,1545,1592,1593
82500,-82500,1,0.895,1418,1565,1632,1648,1661,1668
82500,-67500,1,0.96,1723,1775,1781,1782,1777,1788
82500,-52500,1,0.9875,1832,1849,1844,1844,1838,1845
82500,-37500,1,0.8775,1556,1601,1627,1655,1657,1663
82500,-22500,1,0.66,1181,1097,1150,1210,1212,1182
82500,-7500,1,0.275,963,417,386,497,495,411
82500,7500,1,0.3875,879,296,269,455,438,340
82500,22500,1,0.6235,845,437,525,762,801,716
82500,37500,0.44,0.555681818181818,1056,509,509,684,748,655
97500,-442500,0.34,0.205147058823529,198,158,190,248,78,267
97500,-427500,1,0.15925,358,345,382,407,345,425
97500,-412500,1,0.0075,901,1110,1061,948,996,919
97500,-397500,1,0.374,647,793,761,726,865,741
97500,-382500,1,0.995,1859,1870,1873,1873,1874,1873
97500,-367500,1,0.73875,976,1328,1494,1486,1540,1506
97500,-352500,1,0.472,702,892,1046,1032,1095,1017
97500,-337500,1,0.147,508,738,776,845,847,757
97500,-322500,1,0,825,1181,1219,1349,1314,1271
97500,-307500,1,0,735,1146,1275,1394,1358,1330
97500,-292500,1,0.01125,1202,1353,1347,1430,1402,1372
97500,-277500,1,0.014,228,363,506,660,603,554
97500,-262500,1,0,205,286,350,487,437,374
97500,-247500,1,0,371,523,489,567,538,459
97500,-232500,1,0,538,721,715,738,697,647
97500,-217500,1,0.024,400,624,753,755,691,665
97500,-202500,1,0.007,112,194,293,279,266,230
97500,-187500,1,0.07625,213,326,307,216,238,232
97500,-172500,1,0.2895,355,567,559,413,490,524
97500,-157500,1,0.6005,824,1159,1133,1006,1093,1123
97500,-142500,1,0.8575,1397,1653,1675,1659,1675,1680
97500,-127500,1,0.88375,1485,1706,1710,1690,1711,1718
97500,-112500,1,0.8925,1351,1582,1646,1644,1673,1673
97500,-97500,1,0.955,1645,1733,1757,1755,1760,1765
97500,-82500,1,0.98,1741,1795,1814,1820,1819,1820
97500,-67500,1,0.98,1756,1786,1806,1816,1813,1811
97500,-52500,1,0.96,1678,1725,1753,1767,1766,1769
97500,-37500,1,0.6445,1340,1337,1348,1341,1348,1299
97500,-22500,1,0.705,1261,1242,1319,1366,1379,1343
97500,-7500,1,0.595,929,730,809,945,950,879
97500,7500,1,0.6025,1077,542,561,848,856,749
97500,22500,0.57,0.657894736842105,1306,669,726,1004,1047,960
112500,-442500,0.53,0.153301886792453,145,187,370,399,377,402
112500,-427500,1,0.1985,220,436,600,517,643,589
112500,-412500,1,0.019,172,208,300,258,360,275
112500,-397500,1,0.145,268,238,240,219,330,239
112500,-382500,1,0.8475,1496,1637,1614,1635,1664,1667
112500,-367500,1,0.53325,751,959,1013,1014,1118,1045
112500,-352500,1,0.13875,312,354,378,400,458,326
112500,-337500,1,0.5175,767,1012,968,1050,1078,1037
112500,-322500,1,0.15,286,466,585,682,665,608
112500,-307500,1,0.1575,420,680,919,1007,988,923
112500,-292500,1,0,133,210,405,508,486,417
112500,-277500,1,0.225,221,306,392,449,463,406
112500,-262500,1,0,146,185,273,271,281,188
112500,-247500,1,0.00875,165,235,298,276,290,208
112500,-232500,1,0.14225,254,416,473,389,427,376
112500,-217500,1,0.45825,493,819,936,841,909,902
112500,-202500,1,0.44875,448,769,926,803,875,885
112500,-187500,1,0.73125,876,1192,1340,1261,1335,1365
112500,-172500,1,0.843,1253,1590,1637,1591,1626,1652
112500,-157500,1,0.99,1819,1853,1859,1855,1856,1856
112500,-142500,1,0.92625,1540,1676,1715,1722,1734,1733
112500,-127500,1,0.9975,1868,1875,1877,1876,1877,1877
112500,-112500,1,1,1915,1913,1926,1919,1901,1887
112500,-97500,1,1,1896,1891,1894,1936,1908,1896
112500,-82500,1,1,1941,1943,1881,1882,1923,1928
112500,-67500,1,0.9525,1616,1687,1732,1752,1753,1753
112500,-52500,1,0.708,1103,1027,1193,1240,1290,1251
112500,-37500,1,0.538,994,639,764,822,888,815
112500,-22500,1,0.6975,1153,957,1086,1155,1221,1156
112500,-7500,1,0.736,1387,1137,1253,1389,1414,1363
112500,7500,0.68,0.766911764705882,1635,1505,1465,1529,1550,1517
112500,22500,0.01,0.7,1598,1395,1376,1470,1484,1420
127500,-502500,0.07,0.875,867,981,966,1282,1270,1356
127500,-442500,0.4,0.18625,211,305,512,499,526,533
127500,-427500,1,0.1,439,723,892,747,897,792
127500,-412500,1,0.10975,247,269,325,266,410,312
127500,-397500,1,0.01525,505,539,514,391,545,436
127500,-382500,1,0.5005,553,671,733,664,905,833
127500,-367500,1,0.525,529,709,843,832,985,894
127500,-352500,1,0.2025,869,1120,1067,1000,1041,908
127500,-337500,1,0.268,328,430,543,534,595,501
127500,-322500,1,0.0295,364,530,667,585,622,503
127500,-307500,1,0.07775,234,335,482,457,479,391
127500,-292500,1,0.26825,261,387,555,556,570,507
127500,-277500,1,0.601,648,1000,1271,1234,1257,1236
127500,-262500,1,0.60275,583,935,1301,1202,1252,1227
127500,-247500,1,0.61625,616,956,1276,1177,1263,1232
127500,-232500,1,0.76275,923,1352,1537,1467,1545,1536
127500,-217500,1,0.7365,835,1244,1438,1383,1450,1448
127500,-202500,1,0.8475,1192,1523,1607,1568,1634,1644
127500,-187500,1,0.995,1841,1861,1866,1865,1866,1866
127500,-172500,1,0.99,1798,1827,1838,1840,1844,1840
127500,-157500,1,1,1919,1935,1938,1898,1936,1907
127500,-142500,1,1,1883,1914,1893,1879,1897,1897
127500,-127500,1,1,1932,1923,1941,1903,1915,1939
127500,-112500,1,1,1923,1898,1924,1889,1903,1931
127500,-97500,1,0.9625,1585,1699,1743,1760,1768,1759
127500,-82500,1,0.7495,1010,1117,1237,1307,1362,1325
127500,-67500,1,0.5375,1107,915,917,953,1032,963
127500,-52500,1,0.633,1314,881,960,1065,1121,1055
127500,-37500,1,0.6995,1519,1171,1183,1253,1302,1240
127500,-22500,1,0.521,1126,479,611,725,829,708
127500,-7500,0.78,0.683974358974359,1467,847,1059,1176,1269,1144
127500,7500,0.03,0.75,1553,1301,1422,1484,1528,1469
142500,-577500,0.23,0.456521739130435,8,7,6,55,100,10
142500,-562500,0.3,0.516666666666667,50,45,34,311,449,130
142500,-517500,0.41,0.806707317073171,515,584,522,884,970,854
142500,-502500,0.17,0.597058823529412,177,95,16,106,33,56
142500,-472500,0.12,0,1350,1433,1372,1373,1188,1437
142500,-457500,0.23,0,1064,754,736,716,306,951
142500,-442500,0.8,0.034375,1273,1335,1461,1425,1305,1456
142500,-427500,1,0.03525,1108,1511,1556,1453,1463,1424
142500,-412500,1,0.1295,920,1165,1103,962,1090,995
142500,-397500,1,0.20075,780,879,788,634,803,711
142500,-382500,1,0.705,1019,1252,1303,1311,1408,1380
142500,-367500,1,0.2625,428,555,629,588,681,580
142500,-352500,1,0.005,733,968,948,882,881,746
142500,-337500,1,0.112,389,549,708,649,688,573
142500,-322500,1,0.00375,438,677,882,752,786,653
142500,-307500,1,0.07,192,277,428,412,440,322
142500,-292500,1,0.258,273,434,658,627,659,579
142500,-277500,1,0.6255,598,906,1259,1216,1273,1223
142500,-262500,1,0.3565,482,804,1073,981,1014,962
142500,-247500,1,0.6165,547,883,1229,1172,1231,1192
142500,-232500,1,0.70625,683,1036,1329,1303,1386,1346
142500,-217500,1,0.765,760,1133,1410,1422,1470,1453
142500,-202500,1,0.9475,1604,1750,1784,1776,1781,1780
142500,-187500,1,1,1887,1897,1914,1908,1899,1882
142500,-172500,1,1,1898,1880,1899,1894,1942,1915
142500,-157500,1,1,1892,1893,1901,1881,1889,1932
142500,-142500,1,0.9975,1854,1868,1871,1871,1872,1872
142500,-127500,1,1,1933,1886,1897,1938,1902,1942
142500,-112500,1,0.9645,1691,1752,1766,1777,1780,1775
142500,-97500,1,0.8105,1226,1323,1412,1478,1503,1489
142500,-82500,1,0.4895,842,647,651,732,793,701
142500,-67500,1,0.34175,1063,592,586,687,767,668
142500,-52500,1,0.666,1245,565,717,869,1001,922
142500,-37500,1,0.685,1041,685,866,1023,1139,1034
142500,-22500,0.85,0.905294117647059,1322,1463,1636,1678,1697,1678
142500,-7500,0.07,0.75,1603,1240,1339,1409,1491,1425
157500,-577500,0.05,0.4,3,4,3,16,20,5
157500,-517500,0.24,0.692708333333333,294,294,223,582,709,505
157500,-472500,0.73,0.0205479452054795,1205,1202,1196,1163,859,1286
157500,-457500,1,0,1612,1633,1656,1647,1543,1675
157500,-442500,1,0,1640,1731,1754,1749,1694,1747
157500,-427500,1,0.05375,1216,1392,1368,1245,1258,1216
157500,-412500,1,0.4715,384,459,552,504,698,654
157500,-397500,1,0.4985,469,499,618,579,745,722
157500,-382500,1,0.232,607,604,636,569,649,585
157500,-367500,1,0,1289,1472,1349,1222,1213,1088
157500,-352500,1,0.007,1084,1212,1184,1097,1048,937
157500,-337500,1,0.033,746,1025,1040,992,944,842
157500,-322500,1,0.126,560,872,1017,931,940,822
157500,-307500,1,0.222,317,460,604,592,614,531
157500,-292500,1,0.232,293,406,599,574,592,512
157500,-277500,1,0.6665,671,1101,1388,1339,1375,1361
157500,-262500,1,0.59975,830,1285,1453,1380,1397,1385
157500,-247500,1,0.792,1024,1460,1609,1576,1602,1596
157500,-232500,1,0.9475,1674,1771,1793,1793,1792,1790
157500,-217500,1,0.8375,1095,1484,1597,1632,1650,1623
157500,-202500,1,0.8275,1065,1372,1500,1556,1577,1552
157500,-187500,1,0.99,1786,1834,1847,1853,1849,1849
157500,-172500,1,1,1929,1889,1909,1914,1886,1910
157500,-157500,1,0.9055,1432,1629,1691,1714,1719,1709
157500,-142500,1,0.75125,1210,1379,1375,1398,1444,1415
157500,-127500,1,0.49675,978,932,835,875,963,856
157500,-112500,1,0.5405,938,757,630,810,899,753
157500,-97500,1,0.498,783,532,485,653,734,595
157500,-82500,1,0.6505,907,620,680,894,980,836
157500,-67500,1,0.748,1085,869,1014,1193,1251,1163
157500,-52500,1,0.975,1657,1718,1774,1789,1790,1785
157500,-37500,0.9,0.997222222222222,1831,1855,1867,1869,1869,1869
157500,-22500,0.14,0.982142857142857,1776,1783,1813,1824,1825,1819
172500,-472500,0.56,0.0763392857142857,1450,1381,1278,1314,992,1383
172500,-457500,1,0,1673,1705,1699,1688,1632,1705
172500,-442500,1,0.00825,1725,1799,1792,1774,1757,1764
172500,-427500,1,0.075,955,1271,1401,1238,1271,1184
172500,-412500,1,0.72,656,970,1158,1194,1323,1295
172500,-397500,1,0.57875,402,641,945,930,1036,1023
172500,-382500,1,0.042,1165,1289,1223,1056,1075,980
172500,-367500,1,0.035,1363,1419,1317,1230,1189,1075
172500,-352500,1,0.34,764,765,813,900,843,793
172500,-337500,1,0.194,605,733,799,863,808,733
172500,-322500,1,0.049,483,636,757,801,758,662
172500,-307500,1,0.26975,535,752,889,917,892,812
172500,-292500,1,0.41525,521,772,954,964,956,925
172500,-277500,1,0.73125,964,1432,1561,1532,1552,1556
172500,-262500,1,0.9815,1812,1846,1858,1851,1851,1853
172500,-247500,1,0.8755,1523,1719,1750,1747,1751,1749
172500,-232500,1,0.914,1466,1686,1763,1762,1762,1758
172500,-217500,1,0.754,860,1217,1475,1491,1509,1477
172500,-202500,1,0.8385,1141,1448,1576,1602,1631,1600
172500,-187500,1,0.83425,1342,1568,1617,1637,1654,1648
172500,-172500,1,0.719,998,1205,1289,1334,1392,1334
172500,-157500,1,0.459,916,971,875,849,936,865
172500,-142500,1,0.542,815,795,707,768,886,788
172500,-127500,1,0.8125,1276,1290,1313,1427,1493,1434
172500,-112500,1,0.9025,1452,1536,1544,1661,1680,1632
172500,-97500,1,0.8,1028,1091,1124,1352,1421,1279
172500,-82500,1,0.79575,1146,1007,1031,1244,1327,1204
172500,-67500,1,0.71,1196,718,795,1040,1107,999
172500,-52500,0.96,0.990625,1844,1826,1836,1841,1842,1838
172500,-37500,0.21,1,1922,1883,1888,1896,1938,1943
187500,-487500,0.26,0,1436,1265,1084,1117,760,1262
187500,-472500,0.99,0.0353535353535354,1704,1658,1605,1615,1489,1646
187500,-457500,1,0.0075,1771,1761,1739,1732,1720,1728
187500,-442500,1,0.008,1465,1603,1581,1495,1477,1479
187500,-427500,1,0.285,517,758,864,735,884,816
187500,-412500,1,0.89,1101,1543,1679,1675,1702,1707
187500,-397500,1,0.63,431,750,1107,1074,1152,1140
187500,-382500,1,0.03,840,820,755,723,721,634
187500,-367500,1,0,982,900,822,813,779,691
187500,-352500,1,0.435,775,814,874,997,948,892
187500,-337500,1,0.422,880,1089,1119,1209,1154,1079
187500,-322500,1,0.07,586,844,930,975,929,804
187500,-307500,1,0.38625,630,825,985,1079,1033,961
187500,-292500,1,0.65875,1071,1362,1489,1507,1475,1460
187500,-277500,1,0.73775,1247,1589,1633,1627,1618,1622
187500,-262500,1,0.75,1151,1557,1651,1622,1633,1629
187500,-247500,1,0.708,1036,1400,1554,1523,1534,1529
187500,-232500,1,0.764,1204,1529,1625,1614,1625,1619
187500,-217500,1,0.674,1118,1268,1433,1410,1434,1404
187500,-202500,1,0.6295,1050,1154,1265,1262,1307,1244
187500,-187500,1,0.7195,1264,1333,1396,1420,1461,1412
187500,-172500,1,0.3715,866,781,722,753,817,712
187500,-157500,1,0.828,1183,1424,1442,1511,1575,1515
187500,-142500,1,0.981,1754,1796,1798,1808,1817,1807
187500,-127500,1,0.979,1803,1815,1807,1819,1814,1813
187500,-112500,1,0.995,1863,1864,1861,1862,1864,1862
187500,-97500,1,0.985,1790,1800,1788,1804,1805,1799
187500,-82500,1,0.913,1578,1626,1573,1643,1652,1645
187500,-67500,0.99,0.927272727272727,1693,1664,1666,1698,1709,1696
187500,-52500,0.3,0.556666666666667,1384,812,828,995,1086,945
202500,-502500,0.03,0.25,502,246,92,222,31,216
202500,-487500,0.83,0.198795180722892,736,519,263,444,179,446
202500,-472500,1,0.02125,1514,1547,1484,1475,1394,1473
202500,-457500,1,0.09125,888,1093,1091,1012,1060,1026
202500,-442500,1,0.01125,1158,1361,1318,1151,1183,1145
202500,-427500,1,0.29625,422,573,649,549,661,633
202500,-412500,1,0.84,856,1346,1548,1557,1606,1617
202500,-397500,1,0.47,343,503,959,868,937,910
202500,-382500,1,0.007,689,579,579,571,583,475
202500,-367500,1,0.04875,669,626,648,680,657,555
202500,-352500,1,0.384,617,705,768,888,839,776
202500,-337500,1,0.41,597,867,996,1120,1050,973
202500,-322500,1,0.035,452,602,746,858,797,672
202500,-307500,1,0.1715,896,1145,1096,1132,1064,954
202500,-292500,1,0.57925,1009,1256,1367,1414,1364,1344
202500,-277500,1,0.725,1402,1647,1661,1650,1646,1638
202500,-262500,1,0.248,768,994,1126,1136,1112,992
202500,-247500,1,0.465,787,942,1029,1115,1082,1018
202500,-232500,1,0.5,801,887,961,1051,1030,970
202500,-217500,1,0.5,837,925,1019,1028,1074,1004
202500,-202500,1,0.532,734,731,891,942,1035,882
202500,-187500,1,0.76375,1299,1358,1405,1465,1517,1450
202500,-172500,1,0.864,1489,1592,1586,1618,1662,1610
202500,-157500,1,0.897,1548,1656,1653,1671,1700,1681
202500,-142500,1,0.99,1833,1851,1852,1850,1852,1851
202500,-127500,1,1,1903,1905,1908,1905,1912,1905
202500,-112500,1,1,1944,1909,1923,1891,1898,1912
202500,-97500,1,1,1935,1903,1930,1922,1907,1935
202500,-82500,1,0.94,1652,1723,1709,1735,1750,1731
202500,-67500,0.4,0.97,1749,1772,1770,1785,1795,1779
217500,-517500,0.01,0.5,1403,1576,1535,1569,1449,1590
217500,-502500,0.68,0.0404411764705882,954,985,879,996,836,966
217500,-487500,1,0.045,1029,1152,1027,1130,1085,1077
217500,-472500,1,0.39,154,129,100,195,226,162
217500,-457500,1,0.31,262,198,201,274,349,295
217500,-442500,1,0.00375,1567,1671,1639,1527,1529,1521
217500,-427500,1,0.2175,319,622,885,740,826,773
217500,-412500,1,0.88425,1269,1606,1738,1727,1726,1736
217500,-397500,1,0.2425,500,698,1006,851,901,832
217500,-382500,1,0,797,666,624,612,634,519
217500,-367500,1,0.161,863,785,743,787,777,677
217500,-352500,1,0.439,939,1035,1023,1090,1087,1010
217500,-337500,1,0.369,823,1003,1052,1141,1103,997
217500,-322500,1,0.2485,732,930,935,1042,987,859
217500,-307500,1,0.39375,851,1072,1137,1225,1173,1064
217500,-292500,1,0.621,1343,1619,1595,1608,1588,1544
217500,-277500,1,0.702,1588,1696,1674,1673,1659,1649
217500,-262500,1,0.483,1187,1383,1421,1445,1407,1328
217500,-247500,1,0.5,953,1079,1100,1197,1163,1086
217500,-232500,1,0.5,984,1123,1162,1162,1182,1105
217500,-217500,1,0.5,971,1048,1132,1098,1160,1063
217500,-202500,1,0.502,931,858,911,934,1015,899
217500,-187500,1,0.806,1440,1539,1549,1585,1620,1576
217500,-172500,1,0.944,1686,1754,1755,1766,1773,1762
217500,-157500,1,1,1886,1904,1922,1942,1880,1920
217500,-142500,1,1,1885,1924,1925,1918,1917,1921
217500,-127500,1,1,1884,1933,1883,1888,1934,1893
217500,-112500,1,0.985,1766,1807,1810,1817,1822,1816
217500,-97500,1,0.985,1809,1820,1820,1825,1828,1826
217500,-82500,0.52,0.961538461538461,1778,1780,1782,1784,1789,1786
232500,-517500,0.53,0.5,160,53,49,171,62,142
232500,-502500,1,0.444,184,70,23,111,81,45
232500,-487500,1,0.67125,393,449,425,666,685,689
232500,-472500,1,0.52475,309,317,319,415,515,496
232500,-457500,1,0.0145,803,840,770,714,757,737
232500,-442500,1,0.03575,1185,1302,1290,1161,1194,1168
232500,-427500,1,0.09375,568,866,933,765,845,800
232500,-412500,1,0.637,593,923,1174,1109,1204,1206
232500,-397500,1,0.1125,943,1083,1055,878,925,852
232500,-382500,1,0,919,856,780,745,753,643
232500,-367500,1,0.21,660,655,633,696,694,602
232500,-352500,1,0.431,844,954,918,1009,991,915
232500,-337500,1,0.501,957,1111,1149,1249,1218,1129
232500,-322500,1,0.438,719,895,971,1125,1091,988
232500,-307500,1,0.389,873,1042,1083,1186,1145,1043
232500,-292500,1,0.71475,1481,1634,1615,1656,1639,1604
232500,-277500,1,0.685,1293,1524,1519,1567,1544,1505
232500,-262500,1,0.656,1317,1452,1491,1540,1512,1463
232500,-247500,1,0.464,1166,1280,1243,1291,1256,1165
232500,-232500,1,0.66275,1385,1551,1509,1496,1497,1483
232500,-217500,1,0.701,1369,1489,1470,1459,1481,1467
232500,-202500,1,0.767,1327,1457,1478,1485,1520,1513
232500,-187500,1,0.89,1601,1695,1690,1695,1715,1704
232500,-172500,1,0.985,1792,1828,1831,1839,1837,1833
232500,-157500,1,1,1942,1912,1898,1883,1892,1903
232500,-142500,1,1,1934,1895,1916,1886,1932,1933
232500,-127500,1,1,1912,1901,1927,1939,1910,1940
232500,-112500,1,0.99,1845,1856,1848,1846,1847,1850
232500,-97500,0.64,0.984375,1825,1840,1835,1832,1836,1835
247500,-547500,0.17,0.0514705882352941,381,429,689,856,420,991
247500,-532500,0.72,0.110416666666667,557,475,644,814,543,880
247500,-517500,1,0.47,414,114,73,187,115,181
247500,-502500,1,0.37425,232,98,41,128,131,82
247500,-487500,1,0.36825,323,280,218,348,396,356
247500,-472500,1,0.119,718,762,678,658,710,661
247500,-457500,1,0.03,973,1041,929,889,913,876
247500,-442500,1,0.04125,1070,1069,997,908,951,934
247500,-427500,1,0.03,1296,1479,1390,1213,1244,1198
247500,-412500,1,0.485,447,533,720,672,764,769
247500,-397500,1,0.007,1115,1136,987,844,873,801
247500,-382500,1,0.0755,1214,1316,1200,1083,1110,982
247500,-367500,1,0.259,678,611,553,619,617,540
247500,-352500,1,0.25,569,587,595,713,674,590
247500,-337500,1,0.369,638,744,773,920,863,782
247500,-322500,1,0.427,687,836,895,1063,1011,929
247500,-307500,1,0.68775,1230,1612,1579,1595,1579,1566
247500,-292500,1,0.67,1448,1675,1638,1631,1607,1589
247500,-277500,1,0.504,1198,1350,1331,1368,1340,1265
247500,-262500,1,0.581,1283,1390,1389,1461,1437,1354
247500,-247500,1,0.578,1422,1442,1395,1428,1425,1350
247500,-232500,1,0.64,1303,1371,1284,1340,1351,1294
247500,-217500,1,0.689,1241,1294,1238,1294,1330,1288
247500,-202500,1,0.831,1395,1599,1562,1579,1613,1612
247500,-187500,1,0.974,1742,1793,1801,1802,1804,1800
247500,-172500,1,0.99,1820,1847,1850,1847,1846,1843
247500,-157500,1,0.98,1788,1831,1816,1818,1818,1818
247500,-142500,1,1,1940,1916,1889,1944,1926,1889
247500,-127500,1,1,1916,1918,1885,1913,1925,1926
247500,-112500,0.74,0.986486486486487,1799,1824,1828,1829,1830,1829
247500,-97500,0.03,1,1894,1908,1935,1892,1920,1904
262500,-592500,0.27,0.111111111111111,114,20,9,32,9,14
262500,-577500,0.87,0.0330459770114943,727,1008,983,1227,1117,1230
262500,-562500,0.9,0.109722222222222,179,219,411,559,320,623
262500,-547500,1,0.08,1094,683,748,758,647,834
262500,-532500,1,0.01825,1417,1284,1186,1071,1027,1057
262500,-517500,1,0.022,1137,934,838,781,771,783
262500,-502500,1,0.0835,489,382,272,313,352,287
262500,-487500,1,0.02375,1238,1443,1268,1184,1200,1139
262500,-472500,1,0.012,1356,1405,1215,1140,1140,1072
262500,-457500,1,0.1595,1013,989,800,795,809,786
262500,-442500,1,0.0235,628,427,290,269,336,297
262500,-427500,1,0.3805,459,471,505,466,572,576
262500,-412500,1,0.5775,415,560,969,989,1026,1030
262500,-397500,1,0.347,703,649,662,631,670,641
262500,-382500,1,0.196,711,674,640,655,677,600
262500,-367500,1,0.378,788,726,664,701,717,660
262500,-352500,1,0.224,539,515,507,607,581,491
262500,-337500,1,0.275,651,691,693,824,774,702
262500,-322500,1,0.70125,1102,1427,1450,1490,1466,1468
262500,-307500,1,0.5685,993,1246,1269,1321,1309,1260
262500,-292500,1,0.495,1005,1229,1277,1285,1284,1215
262500,-277500,1,0.5,1250,1475,1444,1406,1403,1341
262500,-262500,1,0.5,1323,1462,1437,1421,1417,1332
262500,-247500,1,0.576,1358,1413,1356,1375,1380,1312
262500,-232500,1,0.955,1808,1811,1819,1807,1807,1802
262500,-217500,1,0.939,1731,1753,1760,1768,1767,1767
262500,-202500,1,0.99,1835,1837,1843,1848,1850,1848
262500,-187500,1,1,1917,1884,1934,1925,1906,1918
262500,-172500,1,1,1943,1942,1895,1921,1885,1894
262500,-157500,1,0.995,1857,1869,1865,1861,1865,1864
262500,-142500,1,1,1927,1934,1911,1901,1905,1909
262500,-127500,0.83,1,1931,1922,1905,1895,1894,1892
262500,-112500,0.06,0.916666666666667,1668,1734,1731,1729,1746,1738
277500,-607500,0.24,0.0677083333333333,29,2,1,3,1,1
277500,-592500,1,0.03275,449,134,130,325,198,289
277500,-577500,1,0.03825,857,816,1110,1033,945,1101
277500,-562500,1,0.18325,278,57,56,82,54,90
277500,-547500,1,0.09825,1002,594,496,461,429,516
277500,-532500,1,0.0825,784,483,337,293,303,324
277500,-517500,1,0.218,658,419,310,298,335,347
277500,-502500,1,0.3695,299,193,167,198,255,247
277500,-487500,1,0.03325,362,256,185,207,241,196
277500,-472500,1,0.01075,853,859,665,618,632,607
277500,-457500,1,0.161,540,372,237,254,300,271
277500,-442500,1,0.0465,558,491,463,410,434,405
277500,-427500,1,0.63375,302,408,802,921,908,950
277500,-412500,1,0.69,361,595,999,1144,1116,1127
277500,-397500,1,0.268,441,375,435,503,513,447
277500,-382500,1,0.35,476,455,467,552,556,495
277500,-367500,1,0.501,728,682,704,774,789,747
277500,-352500,1,0.46,890,875,851,925,904,849
277500,-337500,1,0.347,758,801,785,903,853,785
277500,-322500,1,0.546,810,1130,1189,1233,1195,1166
277500,-307500,1,0.422,738,908,909,976,968,911
277500,-292500,1,0.495,1121,1306,1254,1272,1278,1208
277500,-277500,1,0.5,1334,1564,1488,1434,1432,1377
277500,-262500,1,0.568,1637,1665,1612,1561,1568,1535
277500,-247500,1,0.825,1720,1746,1730,1724,1733,1723
277500,-232500,1,1,1937,1925,1879,1916,1887,1925
277500,-217500,1,0.99,1860,1863,1860,1854,1857,1858
277500,-202500,1,1,1906,1906,1880,1928,1916,1938
277500,-187500,1,0.98,1797,1817,1800,1792,1812,1810
277500,-172500,1,0.97,1752,1792,1767,1759,1783,1781
277500,-157500,1,0.975,1779,1806,1786,1779,1796,1794
277500,-142500,0.9,0.977777777777778,1782,1805,1797,1797,1800,1801
277500,-127500,0.1,1,1891,1907,1929,1909,1944,1891
292500,-607500,0.1,0.2875,266,25,19,44,24,28
292500,-592500,1,0.45225,342,35,30,67,42,64
292500,-577500,1,0.18,812,302,246,281,239,308
292500,-562500,1,0.239,635,162,121,145,124,149
292500,-547500,1,0.1635,603,216,150,161,167,169
292500,-532500,1,0.36275,334,138,113,125,156,143
292500,-517500,1,0.41075,398,273,332,371,411,388
292500,-502500,1,0.3265,580,338,318,327,368,345
292500,-487500,1,0.2735,413,220,214,246,270,238
292500,-472500,1,0.52425,696,544,523,539,559,631
292500,-457500,1,0.3925,473,359,401,424,443,454
292500,-442500,1,0.536,321,328,575,678,667,700
292500,-427500,1,0.87125,1154,1425,1580,1626,1589,1634
292500,-412500,1,0.5675,238,288,647,860,772,809
292500,-397500,1,0.3655,524,465,458,545,549,485
292500,-382500,1,0.497,663,713,729,833,849,797
292500,-367500,1,0.633,1062,1186,1208,1167,1222,1191
292500,-352500,1,0.674,1430,1518,1411,1387,1389,1396
292500,-337500,1,0.3925,967,949,859,952,916,853
292500,-322500,1,0.508,1040,903,810,959,911,877
292500,-307500,1,0.495,906,1060,1039,1088,1071,1056
292500,-292500,1,0.5,1174,1277,1169,1173,1168,1137
292500,-277500,1,0.5,1535,1504,1338,1304,1300,1273
292500,-262500,1,0.638,1696,1679,1598,1547,1558,1549
292500,-247500,1,0.965,1855,1850,1840,1833,1834,1834
292500,-232500,1,0.99,1865,1862,1856,1857,1859,1857
292500,-217500,1,0.985,1837,1848,1839,1836,1840,1841
292500,-202500,1,0.98,1815,1835,1824,1812,1827,1828
292500,-187500,1,0.944,1701,1757,1745,1738,1754,1755
292500,-172500,1,0.963,1759,1784,1779,1772,1778,1787
292500,-157500,0.94,1,1910,1896,1903,1915,1940,1919
292500,-142500,0.18,0.916666666666667,1692,1739,1723,1710,1727,1742
307500,-592500,0.97,0.325515463917526,461,90,78,108,101,109
307500,-577500,1,0.28625,435,123,103,136,141,126
307500,-562500,1,0.5115,565,251,227,303,291,375
307500,-547500,1,0.345,368,154,136,174,180,160
307500,-532500,1,0.274,279,171,177,226,229,179
307500,-517500,1,0.4085,486,399,500,536,582,511
307500,-502500,1,0.5215,613,505,687,703,755,730
307500,-487500,1,0.4665,673,742,867,826,838,821
307500,-472500,1,0.7155,762,1098,1309,1323,1295,1337
307500,-457500,1,0.72775,886,1026,1164,1228,1166,1264
307500,-442500,1,0.65425,1045,1001,1016,1027,1046,1094
307500,-427500,1,0.8605,986,1278,1496,1548,1533,1569
307500,-412500,1,0.80675,804,1057,1353,1416,1410,1445
307500,-397500,1,0.455,621,540,516,622,628,563
307500,-382500,1,0.143,426,360,285,387,386,285
307500,-367500,1,0.694,1258,1398,1402,1355,1387,1392
307500,-352500,1,0.459,1157,1076,944,1019,1006,957
307500,-337500,1,0.14525,1076,791,643,764,720,630
307500,-322500,1,0.548,1274,1107,941,1075,1037,1040
307500,-307500,1,0.5,1377,1198,982,1037,1018,1033
307500,-292500,1,0.5,1507,1355,1109,1129,1123,1110
307500,-277500,1,0.5,1347,1343,1176,1105,1136,1124
307500,-262500,1,0.612,1608,1492,1299,1269,1297,1301
307500,-247500,1,0.975,1829,1839,1822,1821,1823,1823
307500,-232500,1,0.995,1872,1871,1870,1870,1870,1870
307500,-217500,1,0.995,1876,1877,1875,1872,1873,1874
307500,-202500,1,0.966,1764,1788,1794,1791,1791,1796
307500,-187500,1,0.786,1510,1579,1530,1514,1554,1572
307500,-172500,0.97,0.935051546391753,1669,1730,1724,1720,1738,1746
307500,-157500,0.26,0.980769230769231,1805,1810,1818,1813,1811,1822
322500,-592500,0.84,0.376785714285714,739,331,356,363,416,410
322500,-577500,1,0.63625,924,834,854,880,979,953
322500,-562500,1,0.707,1081,1235,1255,1335,1344,1298
322500,-547500,1,0.51475,708,715,671,730,732,717
322500,-532500,1,0.563,831,607,571,646,683,675
322500,-517500,1,0.56725,519,444,518,604,658,615
322500,-502500,1,0.7725,1336,1340,1281,1309,1332,1364
322500,-487500,1,0.5585,575,568,782,817,816,828
322500,-472500,1,0.60025,865,522,409,500,448,560
322500,-457500,1,0.2345,1169,896,675,662,619,640
322500,-442500,1,0.266,935,635,475,458,460,462
322500,-427500,1,0.371,755,591,591,589,599,583
322500,-412500,1,0.47975,818,776,789,789,822,779
322500,-397500,1,0.206,697,552,420,514,523,414
322500,-382500,1,0.1,608,487,360,468,472,352
322500,-367500,1,0.461,1017,937,846,892,898,846
322500,-352500,1,0.559,1312,1178,1066,1157,1142,1100
322500,-337500,1,0.586,1353,1114,994,1093,1067,1052
322500,-322500,1,0.514,1520,1211,979,1055,1042,1029
322500,-307500,1,0.54,1488,1141,884,1013,994,977
322500,-292500,1,0.5,1572,1263,951,980,1002,1001
322500,-277500,1,0.5,1415,1327,1088,1003,1061,1070
322500,-262500,1,0.662,1475,1351,1178,1181,1229,1224
322500,-247500,1,0.99,1851,1854,1845,1842,1848,1847
322500,-232500,1,0.968,1842,1823,1812,1805,1809,1814
322500,-217500,1,0.969,1807,1803,1803,1799,1797,1804
322500,-202500,1,0.924,1708,1724,1737,1744,1743,1751
322500,-187500,1,0.71575,1461,1173,1322,1382,1391,1401
322500,-172500,0.37,0.732432432432432,1435,1309,1381,1423,1454,1466
337500,-592500,0.71,0.248591549295775,549,314,397,356,474,370
337500,-577500,1,0.55425,645,660,831,847,961,867
337500,-562500,1,0.82725,1498,1521,1448,1447,1465,1503
337500,-547500,1,0.734,1378,1142,974,1016,1062,1106
337500,-532500,1,0.67375,1442,1105,881,933,930,1020
337500,-517500,1,0.44875,1256,780,449,519,484,552
337500,-502500,1,0.92125,1758,1755,1725,1725,1722,1737
337500,-487500,1,0.91575,1655,1721,1682,1697,1669,1703
337500,-472500,1,0.26375,1148,703,326,478,365,419
337500,-457500,1,0.326,949,686,469,541,519,499
337500,-442500,1,0.9065,1620,1701,1704,1682,1692,1711
337500,-427500,1,0.305,911,805,766,719,735,710
337500,-412500,1,0.135,1023,917,762,761,752,669
337500,-397500,1,0.522,1109,1013,904,961,982,920
337500,-382500,1,0.5,1135,1031,914,970,995,932
337500,-367500,1,0.522,1194,974,834,966,953,874
337500,-352500,1,0.664,1557,1481,1363,1404,1384,1369
337500,-337500,1,0.683,1544,1394,1251,1329,1315,1302
337500,-322500,1,0.564,1456,1161,927,1070,1057,1024
337500,-307500,1,0.664,1617,1403,1206,1254,1247,1254
337500,-292500,1,0.515,1502,1190,899,937,973,949
337500,-277500,1,0.601,1431,1300,1075,1060,1127,1119
337500,-262500,1,0.694,1383,1243,1070,1148,1207,1183
337500,-247500,1,0.828,1595,1566,1483,1520,1548,1553
337500,-232500,1,0.7265,1530,1224,1141,1300,1282,1283
337500,-217500,1,0.75825,1565,1375,1310,1431,1412,1431
337500,-202500,1,0.998,1874,1874,1876,1877,1876,1876
337500,-187500,0.48,0.983333333333333,1839,1825,1837,1835,1833,1836
352500,-592500,0.56,0.188839285714286,898,389,389,352,499,359
352500,-577500,1,0.69925,1301,945,817,835,967,983
352500,-562500,1,0.865,1738,1693,1647,1638,1649,1662
352500,-547500,1,0.86625,1710,1652,1590,1603,1608,1640
352500,-532500,1,0.59125,1462,1160,907,963,806,1003
352500,-517500,1,0.70875,1536,1410,1207,1257,1220,1326
352500,-502500,1,0.9,1697,1683,1623,1657,1624,1672
352500,-487500,1,0.41925,1223,877,548,638,501,652
352500,-472500,1,0.051,1326,1440,1241,1187,1109,1126
352500,-457500,1,0.4935,977,657,455,531,533,528
352500,-442500,1,1,1893,1885,1884,1902,1930,1886
352500,-427500,1,0.64,1220,1218,1173,1111,1158,1153
352500,-412500,1,0.291,1268,1227,1002,946,976,901
352500,-397500,1,0.5,1200,1062,877,909,926,888
352500,-382500,1,0.5,1233,1119,947,986,1025,967
352500,-367500,1,0.549,1291,1127,990,1077,1098,1014
352500,-352500,1,0.819,1664,1661,1619,1652,1648,1642
352500,-337500,1,0.914,1769,1766,1748,1756,1752,1752
352500,-322500,1,0.758,1633,1575,1467,1525,1505,1510
352500,-307500,1,0.841,1714,1685,1640,1663,1663,1664
352500,-292500,1,0.699,1584,1510,1343,1391,1404,1390
352500,-277500,1,0.683,1469,1292,1152,1241,1253,1238
352500,-262500,1,0.711,1365,1144,1009,1159,1177,1146
352500,-247500,1,0.929,1729,1717,1695,1703,1707,1719
352500,-232500,1,0.819,1605,1500,1417,1499,1487,1508
352500,-217500,1,0.988,1817,1833,1832,1838,1835,1837
352500,-202500,0.6,0.995,1867,1860,1864,1866,1863,1865
367500,-592500,0.44,0.686931818181818,1577,1207,1131,1116,1240,1210
367500,-577500,1,0.74625,1597,1245,1050,1096,1039,1226
367500,-562500,1,0.86975,1670,1541,1431,1483,1478,1567
367500,-547500,1,0.75025,1506,1193,988,1073,895,1155
367500,-532500,1,0.29125,1007,589,351,451,169,439
367500,-517500,1,0.53575,1131,909,661,784,430,794
367500,-502500,1,0.324,1033,717,374,471,272,479
367500,-487500,1,0.253,1067,984,695,728,568,725
367500,-472500,1,0.561,1079,803,529,615,589,667
367500,-457500,1,0.812,1471,1467,1399,1408,1423,1475
367500,-442500,1,1,1901,1900,1921,1937,1882,1908
367500,-427500,1,0.544,1144,988,856,842,868,864
367500,-412500,1,0.4,1244,1017,725,736,770,742
367500,-397500,1,0.5,1190,1045,826,828,860,840
367500,-382500,1,0.51,1278,1070,796,854,885,838
367500,-367500,1,0.648,1408,1312,1159,1229,1234,1197
367500,-352500,1,0.949,1777,1776,1777,1780,1769,1776
367500,-337500,1,1,1921,1919,1936,1899,1913,1922
367500,-322500,1,0.992,1871,1866,1863,1864,1862,1863
367500,-307500,1,0.95,1814,1781,1772,1786,1775,1774
367500,-292500,1,0.909,1761,1741,1722,1731,1735,1729
367500,-277500,1,0.727,1460,1318,1262,1315,1325,1345
367500,-262500,1,0.972,1821,1794,1787,1788,1787,1793
367500,-247500,1,0.962,1615,1748,1762,1771,1765,1772
367500,-232500,1,0.853,1410,1470,1462,1536,1525,1542
367500,-217500,0.71,0.480281690140845,1493,862,734,982,942,817
367500,-202500,0.01,0.7,1647,1118,1115,1360,1347,1258
382500,-592500,0.3,0.88,1733,1602,1551,1582,1566,1635
382500,-577500,1,0.64,1526,1011,775,871,578,938
382500,-562500,1,0.663,1339,767,563,688,327,762
382500,-547500,1,0.556,1189,605,393,529,190,572
382500,-532500,1,0.30575,965,571,363,485,93,457
382500,-517500,1,0.08125,822,497,283,377,51,343
382500,-502500,1,0.03325,770,517,275,347,132,323
382500,-487500,1,0.629,1026,920,681,756,646,823
382500,-472500,1,0.698,1284,1166,938,990,1009,1058
382500,-457500,1,0.99,1847,1852,1846,1845,1841,1846
382500,-442500,1,0.991,1856,1859,1854,1856,1854,1854
382500,-427500,1,0.639,1367,1283,1043,1039,1079,1081
382500,-412500,1,0.701,1517,1496,1295,1288,1312,1338
382500,-397500,1,0.502,1211,996,739,769,804,778
382500,-382500,1,0.555,1308,1092,840,907,920,881
382500,-367500,1,0.673,1399,1267,1129,1207,1202,1171
382500,-352500,1,0.93,1717,1727,1727,1733,1725,1735
382500,-337500,1,0.997,1873,1873,1872,1874,1871,1871
382500,-322500,1,1,1914,1941,1944,1940,1890,1881
382500,-307500,1,0.9975,1877,1876,1874,1875,1875,1875
382500,-292500,1,0.995,1866,1858,1857,1858,1858,1861
382500,-277500,1,0.749,1390,1157,1157,1277,1264,1249
382500,-262500,1,0.882,1684,1573,1571,1611,1611,1625
382500,-247500,1,0.939,1737,1711,1712,1726,1728,1740
382500,-232500,0.8,0.93125,1748,1690,1683,1718,1714,1710
382500,-217500,0.05,0.8,1644,1331,1280,1472,1458,1409
397500,-592500,0.16,0.7,1703,1138,953,1114,663,1098
397500,-577500,1,0.441,1629,963,735,859,417,830
397500,-562500,1,0.324,1423,625,426,566,151,513
397500,-547500,1,0.49,1348,794,588,710,236,697
397500,-532500,1,0.021,1162,751,520,602,117,547
397500,-517500,1,0,912,675,439,492,210,448
397500,-502500,1,0.32175,871,642,406,463,283,473
397500,-487500,1,0.768,1240,1231,1057,1086,1055,1235
397500,-472500,1,0.7135,1332,1303,1121,1134,1175,1214
397500,-457500,1,1,1879,1931,1918,1912,1884,1884
397500,-442500,1,0.938,1796,1789,1764,1761,1756,1763
397500,-427500,1,0.747,1563,1513,1334,1346,1356,1394
397500,-412500,1,0.901,1739,1751,1714,1709,1713,1720
397500,-397500,1,0.73,1484,1465,1291,1336,1343,1362
397500,-382500,1,0.56,1295,1185,967,1053,1045,1007
397500,-367500,1,0.7635,1525,1445,1361,1442,1427,1413
397500,-352500,1,0.9245,1667,1681,1678,1693,1687,1697
397500,-337500,1,0.995,1869,1867,1862,1863,1861,1859
397500,-322500,1,0.98,1834,1829,1823,1830,1821,1821
397500,-307500,1,0.995,1862,1857,1853,1860,1855,1855
397500,-292500,1,0.995,1853,1845,1841,1852,1845,1844
397500,-277500,1,0.882,1576,1415,1434,1558,1537,1526
397500,-262500,1,0.906,1372,1438,1499,1598,1583,1583
397500,-247500,0.87,0.739080459770115,1478,1022,1036,1188,1190,1174
397500,-232500,0.1,0.07,1444,783,669,807,810,650
412500,-592500,0.04,0.175,1813,1580,1481,1477,1243,1411
412500,-577500,1,0.007,1816,1499,1336,1353,933,1278
412500,-562500,1,0.048,1787,1430,1286,1331,974,1255
412500,-547500,1,0.007,1728,1583,1451,1400,1180,1367
412500,-532500,1,0.0175,1587,1471,1266,1246,857,1193
412500,-517500,1,0.13925,1212,1019,751,802,493,752
412500,-502500,1,0.472,1053,761,534,577,467,606
412500,-487500,1,0.54225,996,852,606,651,651,692
412500,-472500,1,0.5855,1120,1052,830,876,876,896
412500,-457500,1,0.818,1552,1605,1517,1528,1531,1560
412500,-442500,1,0.919,1753,1763,1733,1734,1730,1743
412500,-427500,1,0.994,1875,1872,1869,1868,1868,1868
412500,-412500,1,1,1936,1910,1891,1880,1881,1924
412500,-397500,1,0.893,1709,1732,1694,1715,1696,1700
412500,-382500,1,0.405,1172,912,657,794,747,679
412500,-367500,1,0.764,1593,1530,1409,1510,1485,1454
412500,-352500,1,0.861,1641,1628,1577,1641,1628,1608
412500,-337500,1,0.936,1734,1737,1716,1746,1741,1727
412500,-322500,1,0.979,1781,1777,1775,1795,1782,1783
412500,-307500,1,0.95,1653,1645,1649,1713,1690,1690
412500,-292500,1,0.93,1626,1595,1601,1670,1656,1655
412500,-277500,1,0.807,1449,1209,1221,1371,1370,1335
412500,-262500,0.94,0.690425531914894,1518,1094,1081,1221,1228,1161
412500,-247500,0.15,0.86,1659,1526,1522,1571,1572,1578
427500,-577500,0.9,0.00416666666666667,1861,1703,1606,1563,1367,1500
427500,-562500,1,0,1836,1655,1526,1512,1274,1435
427500,-547500,1,0.00875,1773,1616,1485,1419,1069,1352
427500,-532500,1,0.068,1638,1338,1113,1101,728,1031
427500,-517500,1,0.413,1260,662,481,561,380,535
427500,-502500,1,0.5,1179,871,621,675,630,706
427500,-487500,1,0.764,1438,1485,1355,1363,1373,1428
427500,-472500,1,0.8215,1574,1632,1534,1551,1541,1574
427500,-457500,1,0.539,1427,1251,975,1010,1021,1021
427500,-442500,1,0.896,1743,1747,1707,1707,1701,1714
427500,-427500,1,0.913,1801,1770,1742,1751,1745,1748
427500,-412500,1,0.726,1533,1436,1304,1377,1349,1359
427500,-397500,1,0.71,1499,1507,1378,1455,1411,1386
427500,-382500,1,0.785,1650,1639,1541,1616,1590,1563
427500,-367500,1,0.689,1561,1423,1274,1411,1378,1314
427500,-352500,1,0.805,1631,1608,1501,1600,1585,1533
427500,-337500,1,0.97625,1827,1819,1808,1823,1810,1808
427500,-322500,1,0.98,1791,1790,1785,1803,1793,1792
427500,-307500,1,0.63,1087,630,570,866,799,695
427500,-292500,1,0.96,1699,1667,1687,1750,1718,1716
427500,-277500,0.97,0.898969072164948,1675,1546,1552,1646,1635,1631
427500,-262500,0.24,0.7,1494,1005,1024,1170,1205,1122
442500,-577500,0.76,0.253947368421053,1828,1359,1171,1266,765,1108
442500,-562500,1,0.364,1750,1124,925,1059,397,959
442500,-547500,1,0.482,1662,1047,869,972,350,891
442500,-532500,1,0.624,1543,977,848,941,551,964
442500,-517500,1,0.47,1483,740,498,584,511,567
442500,-502500,1,0.50025,1357,929,685,749,704,758
442500,-487500,1,0.8045,1610,1571,1473,1492,1490,1522
442500,-472500,1,0.773,1599,1527,1404,1396,1396,1451
442500,-457500,1,0.653,1401,1208,1012,1081,1084,1067
442500,-442500,1,0.797,1602,1610,1504,1533,1523,1538
442500,-427500,1,0.648,1446,1364,1143,1212,1215,1187
442500,-412500,1,0.677,1439,1347,1166,1242,1238,1231
442500,-397500,1,0.936,1830,1808,1790,1796,1788,1789
442500,-382500,1,0.997,1878,1878,1878,1878,1878,1878
442500,-367500,1,0.84075,1724,1698,1659,1683,1684,1670
442500,-352500,1,0.854,1706,1692,1643,1687,1681,1665
442500,-337500,1,0.891,1679,1714,1672,1706,1704,1686
442500,-322500,1,0.975,1804,1804,1795,1810,1799,1798
442500,-307500,1,0.715,1287,1038,977,1200,1179,1090
442500,-292500,0.99,0.806060606060606,1421,1174,1122,1385,1334,1281
442500,-277500,0.33,0.972727272727273,1811,1762,1751,1783,1771,1768
457500,-577500,0.64,0.60625,1768,1288,1195,1324,833,1246
457500,-562500,1,0.678,1707,1175,1062,1218,671,1143
457500,-547500,1,0.768,1681,1407,1320,1436,1120,1416
457500,-532500,1,0.507,1371,699,464,623,439,581
457500,-517500,1,0.457,1362,842,556,641,561,620
457500,-502500,1,0.48,1391,826,582,693,607,656
457500,-487500,1,0.7405,1618,1274,1078,1179,1185,1205
457500,-472500,1,0.682,1539,1320,1095,1192,1167,1159
457500,-457500,1,0.975,1846,1843,1827,1827,1820,1825
457500,-442500,1,0.902,1736,1742,1698,1719,1710,1708
457500,-427500,1,0.724,1382,1380,1212,1275,1293,1292
457500,-412500,1,0.637,1331,1172,958,1030,1094,1050
457500,-397500,1,0.8,1683,1650,1584,1572,1599,1592
457500,-382500,1,0.84425,1789,1709,1669,1667,1672,1677
457500,-367500,1,0.70275,1690,1517,1425,1448,1471,1441
457500,-352500,1,0.76725,1660,1625,1523,1589,1595,1546
457500,-337500,1,0.711,1505,1450,1328,1452,1452,1381
457500,-322500,1,0.817,1529,1560,1493,1575,1576,1551
457500,-307500,1,0.853,1569,1585,1560,1634,1640,1613
457500,-292500,0.45,0.928888888888889,1727,1708,1703,1739,1744,1725
472500,-577500,0.5,0.636,1705,1237,1134,1252,999,1175
472500,-562500,1,0.673,1560,938,887,1043,742,994
472500,-547500,1,0.614,1413,955,821,984,794,906
472500,-532500,1,0.579,1477,1084,759,913,924,868
472500,-517500,1,0.5235,1275,813,511,670,639,637
472500,-502500,1,0.64,1379,1065,787,928,890,914
472500,-487500,1,0.703,1566,1221,998,1138,1129,1113
472500,-472500,1,0.697,1555,1196,964,1127,1114,1085
472500,-457500,1,0.7835,1625,1488,1346,1460,1433,1459
472500,-442500,1,0.836,1643,1621,1547,1592,1581,1602
472500,-427500,1,0.619,1311,1055,805,886,958,926
472500,-412500,1,0.847,1719,1673,1628,1630,1644,1653
472500,-397500,1,0.958,1864,1832,1811,1815,1803,1805
472500,-382500,1,0.939,1852,1785,1780,1778,1776,1778
472500,-367500,1,0.931,1850,1797,1771,1773,1772,1770
472500,-352500,1,0.70825,1740,1591,1460,1501,1508,1486
472500,-337500,1,0.699,1621,1532,1370,1443,1441,1406
472500,-322500,1,0.78825,1648,1662,1592,1623,1621,1598
472500,-307500,0.58,0.680172413793103,1541,1476,1384,1468,1468,1403
487500,-577500,0.36,0.611805555555555,1676,1270,1148,1260,1141,1181
487500,-562500,1,0.5765,1472,998,862,1001,906,931
487500,-547500,1,0.74,1515,1307,1182,1317,1318,1306
487500,-532500,1,0.84175,1636,1641,1568,1610,1604,1616
487500,-517500,0.98,0.61734693877551,1320,1100,801,956,946,942
487500,-502500,0.84,0.658333333333333,1512,1326,1025,1156,1146,1121
487500,-487500,1,0.4245,1451,972,672,821,787,740
487500,-472500,1,0.399,1396,863,565,734,711,627
487500,-457500,1,0.661,1570,1260,1032,1204,1193,1133
487500,-442500,1,0.919,1775,1736,1718,1740,1737,1734
487500,-427500,1,0.703,1490,1214,1089,1146,1211,1199
487500,-412500,1,0.728,1613,1297,1232,1236,1303,1319
487500,-397500,1,0.81625,1780,1594,1558,1543,1570,1587
487500,-382500,1,0.686,1745,1314,1203,1195,1268,1268
487500,-367500,1,0.72025,1793,1544,1415,1393,1446,1438
487500,-352500,1,0.644,1772,1401,1217,1280,1287,1243
487500,-337500,0.83,0.630421686746988,1716,1388,1192,1298,1280,1219
487500,-322500,0.52,1,1882,1929,1912,1907,1929,1914
487500,-307500,0.01,1,1905,1936,1939,1933,1888,1902
502500,-577500,0.15,0.613333333333333,1823,1801,1749,1748,1721,1722
502500,-562500,1,0.64275,1497,1156,1045,1169,1133,1102
502500,-547500,1,0.8005,1546,1454,1373,1469,1462,1490
502500,-532500,0.13,0.361538461538462,1208,775,546,707,625,593
502500,-517500,0.06,0.35,1294,1096,781,901,827,810
502500,-502500,0.03,0.7,1843,1838,1799,1800,1785,1784
502500,-487500,0.55,0.0127272727272727,1694,1561,1300,1302,1254,1169
502500,-472500,0.83,0.0740963855421687,1688,1535,1256,1306,1259,1149
502500,-457500,0.89,0.866292134831461,1757,1713,1662,1686,1678,1683
502500,-442500,0.78,0.929487179487179,1810,1774,1758,1770,1759,1760
502500,-427500,0.99,0.783333333333333,1582,1420,1387,1426,1456,1472
502500,-412500,1,0.591,1404,951,812,896,938,886
502500,-397500,1,0.769,1722,1369,1325,1357,1400,1423
502500,-382500,1,0.7305,1730,1239,1228,1264,1322,1297
502500,-367500,0.99,0.933838383838384,1858,1758,1752,1763,1761,1757
502500,-352500,0.6,0.748333333333333,1800,1522,1447,1487,1499,1480
502500,-337500,0.02,1,1897,1939,1896,1904,1900,1885
517500,-562500,0.35,0.627857142857143,1623,1559,1466,1505,1443,1447
517500,-547500,0.44,0.647727272727273,1389,1148,1005,1150,1156,1078
517500,-532500,0.02,0,1136,547,308,432,384,314
517500,-427500,0.16,1,1920,1927,1942,1887,1883,1890
517500,-412500,0.85,0.726764705882353,1658,1334,1350,1403,1419,1399
517500,-397500,1,0.978,1870,1813,1833,1834,1832,1831
517500,-382500,0.72,0.55625,1531,832,699,837,872,790
517500,-367500,0.18,0.415277777777778,1580,788,603,727,762,646
532500,-412500,0.2,1,1939,1881,1904,1934,1918,1906
532500,-397500,0.81,0.502469135802469,1425,728,626,780,821,720
532500,-382500,0.09,0.375,1271,543,367,524,574,435
